<?xml version="1.0" encoding="UTF-8"?>
<thumbnails version="1.2.0">
  <thumbnail camera_id="34" path="c34.jpg"/>
  <thumbnail camera_id="35" path="c35.jpg"/>
  <thumbnail camera_id="36" path="c36.jpg"/>
  <thumbnail camera_id="37" path="c37.jpg"/>
  <thumbnail camera_id="38" path="c38.jpg"/>
  <thumbnail camera_id="39" path="c39.jpg"/>
  <thumbnail camera_id="40" path="c40.jpg"/>
  <thumbnail camera_id="41" path="c41.jpg"/>
  <thumbnail camera_id="42" path="c42.jpg"/>
  <thumbnail camera_id="43" path="c43.jpg"/>
  <thumbnail camera_id="44" path="c44.jpg"/>
  <thumbnail camera_id="45" path="c45.jpg"/>
  <thumbnail camera_id="46" path="c46.jpg"/>
  <thumbnail camera_id="47" path="c47.jpg"/>
  <thumbnail camera_id="48" path="c48.jpg"/>
  <thumbnail camera_id="49" path="c49.jpg"/>
  <thumbnail camera_id="50" path="c50.jpg"/>
  <thumbnail camera_id="51" path="c51.jpg"/>
  <thumbnail camera_id="52" path="c52.jpg"/>
  <thumbnail camera_id="53" path="c53.jpg"/>
  <thumbnail camera_id="54" path="c54.jpg"/>
  <thumbnail camera_id="58" path="c58.jpg"/>
  <thumbnail camera_id="59" path="c59.jpg"/>
  <thumbnail camera_id="60" path="c60.jpg"/>
  <thumbnail camera_id="61" path="c61.jpg"/>
  <thumbnail camera_id="62" path="c62.jpg"/>
  <thumbnail camera_id="63" path="c63.jpg"/>
  <thumbnail camera_id="64" path="c64.jpg"/>
  <thumbnail camera_id="65" path="c65.jpg"/>
  <thumbnail camera_id="66" path="c66.jpg"/>
  <thumbnail camera_id="67" path="c67.jpg"/>
  <thumbnail camera_id="68" path="c68.jpg"/>
  <thumbnail camera_id="69" path="c69.jpg"/>
  <thumbnail camera_id="70" path="c70.jpg"/>
  <thumbnail camera_id="71" path="c71.jpg"/>
  <thumbnail camera_id="72" path="c72.jpg"/>
</thumbnails>
