<?xml version="1.0" encoding="UTF-8"?>
<frame>
  <cameras>
    <camera camera_id="36">
      <photo path="../../../images/DSC_0421.JPG">
        <meta>
          <property name="Exif/DateTime" value="2016:11:02 17:06:44"/>
          <property name="Exif/DateTimeOriginal" value="2016:11:02 17:06:44"/>
          <property name="Exif/ExposureTime" value="0.0166666666666667"/>
          <property name="Exif/FNumber" value="4"/>
          <property name="Exif/FocalLength" value="18"/>
          <property name="Exif/FocalLengthIn35mmFilm" value="27"/>
          <property name="Exif/ISOSpeedRatings" value="1250"/>
          <property name="Exif/Make" value="NIKON CORPORATION"/>
          <property name="Exif/Model" value="NIKON D5100"/>
          <property name="Exif/Orientation" value="1"/>
          <property name="Exif/Software" value="Ver.1.01 "/>
          <property name="File/ImageHeight" value="3264"/>
          <property name="File/ImageWidth" value="4928"/>
          <property name="System/FileModifyDate" value="2016:11:02 17:06:44"/>
          <property name="System/FileSize" value="7615793"/>
        </meta>
      </photo>
    </camera>
    <camera camera_id="37">
      <photo path="../../../images/DSC_0422.JPG">
        <meta>
          <property name="Exif/DateTime" value="2016:11:02 17:06:49"/>
          <property name="Exif/DateTimeOriginal" value="2016:11:02 17:06:49"/>
          <property name="Exif/ExposureTime" value="0.0166666666666667"/>
          <property name="Exif/FNumber" value="4"/>
          <property name="Exif/FocalLength" value="18"/>
          <property name="Exif/FocalLengthIn35mmFilm" value="27"/>
          <property name="Exif/ISOSpeedRatings" value="1250"/>
          <property name="Exif/Make" value="NIKON CORPORATION"/>
          <property name="Exif/Model" value="NIKON D5100"/>
          <property name="Exif/Orientation" value="1"/>
          <property name="Exif/Software" value="Ver.1.01 "/>
          <property name="File/ImageHeight" value="3264"/>
          <property name="File/ImageWidth" value="4928"/>
          <property name="System/FileModifyDate" value="2016:11:02 17:06:48"/>
          <property name="System/FileSize" value="7471900"/>
        </meta>
      </photo>
    </camera>
    <camera camera_id="38">
      <photo path="../../../images/DSC_0423.JPG">
        <meta>
          <property name="Exif/DateTime" value="2016:11:02 17:06:50"/>
          <property name="Exif/DateTimeOriginal" value="2016:11:02 17:06:50"/>
          <property name="Exif/ExposureTime" value="0.0166666666666667"/>
          <property name="Exif/FNumber" value="4"/>
          <property name="Exif/FocalLength" value="18"/>
          <property name="Exif/FocalLengthIn35mmFilm" value="27"/>
          <property name="Exif/ISOSpeedRatings" value="1400"/>
          <property name="Exif/Make" value="NIKON CORPORATION"/>
          <property name="Exif/Model" value="NIKON D5100"/>
          <property name="Exif/Orientation" value="1"/>
          <property name="Exif/Software" value="Ver.1.01 "/>
          <property name="File/ImageHeight" value="3264"/>
          <property name="File/ImageWidth" value="4928"/>
          <property name="System/FileModifyDate" value="2016:11:02 17:06:50"/>
          <property name="System/FileSize" value="7419434"/>
        </meta>
      </photo>
    </camera>
    <camera camera_id="39">
      <photo path="../../../images/DSC_0424.JPG">
        <meta>
          <property name="Exif/DateTime" value="2016:11:02 17:06:52"/>
          <property name="Exif/DateTimeOriginal" value="2016:11:02 17:06:52"/>
          <property name="Exif/ExposureTime" value="0.0166666666666667"/>
          <property name="Exif/FNumber" value="4"/>
          <property name="Exif/FocalLength" value="18"/>
          <property name="Exif/FocalLengthIn35mmFilm" value="27"/>
          <property name="Exif/ISOSpeedRatings" value="1400"/>
          <property name="Exif/Make" value="NIKON CORPORATION"/>
          <property name="Exif/Model" value="NIKON D5100"/>
          <property name="Exif/Orientation" value="1"/>
          <property name="Exif/Software" value="Ver.1.01 "/>
          <property name="File/ImageHeight" value="3264"/>
          <property name="File/ImageWidth" value="4928"/>
          <property name="System/FileModifyDate" value="2016:11:02 17:06:52"/>
          <property name="System/FileSize" value="7255778"/>
        </meta>
      </photo>
    </camera>
    <camera camera_id="40">
      <photo path="../../../images/DSC_0425.JPG">
        <meta>
          <property name="Exif/DateTime" value="2016:11:02 17:06:55"/>
          <property name="Exif/DateTimeOriginal" value="2016:11:02 17:06:55"/>
          <property name="Exif/ExposureTime" value="0.0166666666666667"/>
          <property name="Exif/FNumber" value="4"/>
          <property name="Exif/FocalLength" value="18"/>
          <property name="Exif/FocalLengthIn35mmFilm" value="27"/>
          <property name="Exif/ISOSpeedRatings" value="1250"/>
          <property name="Exif/Make" value="NIKON CORPORATION"/>
          <property name="Exif/Model" value="NIKON D5100"/>
          <property name="Exif/Orientation" value="1"/>
          <property name="Exif/Software" value="Ver.1.01 "/>
          <property name="File/ImageHeight" value="3264"/>
          <property name="File/ImageWidth" value="4928"/>
          <property name="System/FileModifyDate" value="2016:11:02 17:06:54"/>
          <property name="System/FileSize" value="7057494"/>
        </meta>
      </photo>
    </camera>
    <camera camera_id="41">
      <photo path="../../../images/DSC_0426.JPG">
        <meta>
          <property name="Exif/DateTime" value="2016:11:02 17:07:01"/>
          <property name="Exif/DateTimeOriginal" value="2016:11:02 17:07:01"/>
          <property name="Exif/ExposureTime" value="0.0166666666666667"/>
          <property name="Exif/FNumber" value="4"/>
          <property name="Exif/FocalLength" value="18"/>
          <property name="Exif/FocalLengthIn35mmFilm" value="27"/>
          <property name="Exif/ISOSpeedRatings" value="1100"/>
          <property name="Exif/Make" value="NIKON CORPORATION"/>
          <property name="Exif/Model" value="NIKON D5100"/>
          <property name="Exif/Orientation" value="1"/>
          <property name="Exif/Software" value="Ver.1.01 "/>
          <property name="File/ImageHeight" value="3264"/>
          <property name="File/ImageWidth" value="4928"/>
          <property name="System/FileModifyDate" value="2016:11:02 17:07:02"/>
          <property name="System/FileSize" value="7034883"/>
        </meta>
      </photo>
    </camera>
    <camera camera_id="42">
      <photo path="../../../images/DSC_0427.JPG">
        <meta>
          <property name="Exif/DateTime" value="2016:11:02 17:07:02"/>
          <property name="Exif/DateTimeOriginal" value="2016:11:02 17:07:02"/>
          <property name="Exif/ExposureTime" value="0.0166666666666667"/>
          <property name="Exif/FNumber" value="4"/>
          <property name="Exif/FocalLength" value="18"/>
          <property name="Exif/FocalLengthIn35mmFilm" value="27"/>
          <property name="Exif/ISOSpeedRatings" value="1100"/>
          <property name="Exif/Make" value="NIKON CORPORATION"/>
          <property name="Exif/Model" value="NIKON D5100"/>
          <property name="Exif/Orientation" value="1"/>
          <property name="Exif/Software" value="Ver.1.01 "/>
          <property name="File/ImageHeight" value="3264"/>
          <property name="File/ImageWidth" value="4928"/>
          <property name="System/FileModifyDate" value="2016:11:02 17:07:02"/>
          <property name="System/FileSize" value="7095251"/>
        </meta>
      </photo>
    </camera>
    <camera camera_id="43">
      <photo path="../../../images/DSC_0428.JPG">
        <meta>
          <property name="Exif/DateTime" value="2016:11:02 17:07:04"/>
          <property name="Exif/DateTimeOriginal" value="2016:11:02 17:07:04"/>
          <property name="Exif/ExposureTime" value="0.0166666666666667"/>
          <property name="Exif/FNumber" value="4"/>
          <property name="Exif/FocalLength" value="18"/>
          <property name="Exif/FocalLengthIn35mmFilm" value="27"/>
          <property name="Exif/ISOSpeedRatings" value="1100"/>
          <property name="Exif/Make" value="NIKON CORPORATION"/>
          <property name="Exif/Model" value="NIKON D5100"/>
          <property name="Exif/Orientation" value="1"/>
          <property name="Exif/Software" value="Ver.1.01 "/>
          <property name="File/ImageHeight" value="3264"/>
          <property name="File/ImageWidth" value="4928"/>
          <property name="System/FileModifyDate" value="2016:11:02 17:07:04"/>
          <property name="System/FileSize" value="7048968"/>
        </meta>
      </photo>
    </camera>
    <camera camera_id="44">
      <photo path="../../../images/DSC_0429.JPG">
        <meta>
          <property name="Exif/DateTime" value="2016:11:02 17:07:05"/>
          <property name="Exif/DateTimeOriginal" value="2016:11:02 17:07:05"/>
          <property name="Exif/ExposureTime" value="0.0166666666666667"/>
          <property name="Exif/FNumber" value="4"/>
          <property name="Exif/FocalLength" value="18"/>
          <property name="Exif/FocalLengthIn35mmFilm" value="27"/>
          <property name="Exif/ISOSpeedRatings" value="1100"/>
          <property name="Exif/Make" value="NIKON CORPORATION"/>
          <property name="Exif/Model" value="NIKON D5100"/>
          <property name="Exif/Orientation" value="1"/>
          <property name="Exif/Software" value="Ver.1.01 "/>
          <property name="File/ImageHeight" value="3264"/>
          <property name="File/ImageWidth" value="4928"/>
          <property name="System/FileModifyDate" value="2016:11:02 17:07:06"/>
          <property name="System/FileSize" value="7022664"/>
        </meta>
      </photo>
    </camera>
    <camera camera_id="45">
      <photo path="../../../images/DSC_0430.JPG">
        <meta>
          <property name="Exif/DateTime" value="2016:11:02 17:07:06"/>
          <property name="Exif/DateTimeOriginal" value="2016:11:02 17:07:06"/>
          <property name="Exif/ExposureTime" value="0.0166666666666667"/>
          <property name="Exif/FNumber" value="4"/>
          <property name="Exif/FocalLength" value="18"/>
          <property name="Exif/FocalLengthIn35mmFilm" value="27"/>
          <property name="Exif/ISOSpeedRatings" value="1100"/>
          <property name="Exif/Make" value="NIKON CORPORATION"/>
          <property name="Exif/Model" value="NIKON D5100"/>
          <property name="Exif/Orientation" value="1"/>
          <property name="Exif/Software" value="Ver.1.01 "/>
          <property name="File/ImageHeight" value="3264"/>
          <property name="File/ImageWidth" value="4928"/>
          <property name="System/FileModifyDate" value="2016:11:02 17:07:06"/>
          <property name="System/FileSize" value="6986440"/>
        </meta>
      </photo>
    </camera>
    <camera camera_id="46">
      <photo path="../../../images/DSC_0431.JPG">
        <meta>
          <property name="Exif/DateTime" value="2016:11:02 17:07:07"/>
          <property name="Exif/DateTimeOriginal" value="2016:11:02 17:07:07"/>
          <property name="Exif/ExposureTime" value="0.0166666666666667"/>
          <property name="Exif/FNumber" value="4"/>
          <property name="Exif/FocalLength" value="18"/>
          <property name="Exif/FocalLengthIn35mmFilm" value="27"/>
          <property name="Exif/ISOSpeedRatings" value="1100"/>
          <property name="Exif/Make" value="NIKON CORPORATION"/>
          <property name="Exif/Model" value="NIKON D5100"/>
          <property name="Exif/Orientation" value="1"/>
          <property name="Exif/Software" value="Ver.1.01 "/>
          <property name="File/ImageHeight" value="3264"/>
          <property name="File/ImageWidth" value="4928"/>
          <property name="System/FileModifyDate" value="2016:11:02 17:07:08"/>
          <property name="System/FileSize" value="6995292"/>
        </meta>
      </photo>
    </camera>
    <camera camera_id="47">
      <photo path="../../../images/DSC_0432.JPG">
        <meta>
          <property name="Exif/DateTime" value="2016:11:02 17:07:13"/>
          <property name="Exif/DateTimeOriginal" value="2016:11:02 17:07:13"/>
          <property name="Exif/ExposureTime" value="0.0166666666666667"/>
          <property name="Exif/FNumber" value="4"/>
          <property name="Exif/FocalLength" value="18"/>
          <property name="Exif/FocalLengthIn35mmFilm" value="27"/>
          <property name="Exif/ISOSpeedRatings" value="1100"/>
          <property name="Exif/Make" value="NIKON CORPORATION"/>
          <property name="Exif/Model" value="NIKON D5100"/>
          <property name="Exif/Orientation" value="1"/>
          <property name="Exif/Software" value="Ver.1.01 "/>
          <property name="File/ImageHeight" value="3264"/>
          <property name="File/ImageWidth" value="4928"/>
          <property name="System/FileModifyDate" value="2016:11:02 17:07:14"/>
          <property name="System/FileSize" value="7108581"/>
        </meta>
      </photo>
    </camera>
    <camera camera_id="48">
      <photo path="../../../images/DSC_0433.JPG">
        <meta>
          <property name="Exif/DateTime" value="2016:11:02 17:07:15"/>
          <property name="Exif/DateTimeOriginal" value="2016:11:02 17:07:15"/>
          <property name="Exif/ExposureTime" value="0.0166666666666667"/>
          <property name="Exif/FNumber" value="4"/>
          <property name="Exif/FocalLength" value="18"/>
          <property name="Exif/FocalLengthIn35mmFilm" value="27"/>
          <property name="Exif/ISOSpeedRatings" value="1100"/>
          <property name="Exif/Make" value="NIKON CORPORATION"/>
          <property name="Exif/Model" value="NIKON D5100"/>
          <property name="Exif/Orientation" value="1"/>
          <property name="Exif/Software" value="Ver.1.01 "/>
          <property name="File/ImageHeight" value="3264"/>
          <property name="File/ImageWidth" value="4928"/>
          <property name="System/FileModifyDate" value="2016:11:02 17:07:14"/>
          <property name="System/FileSize" value="7127000"/>
        </meta>
      </photo>
    </camera>
    <camera camera_id="49">
      <photo path="../../../images/DSC_0434.JPG">
        <meta>
          <property name="Exif/DateTime" value="2016:11:02 17:07:16"/>
          <property name="Exif/DateTimeOriginal" value="2016:11:02 17:07:16"/>
          <property name="Exif/ExposureTime" value="0.0166666666666667"/>
          <property name="Exif/FNumber" value="4"/>
          <property name="Exif/FocalLength" value="18"/>
          <property name="Exif/FocalLengthIn35mmFilm" value="27"/>
          <property name="Exif/ISOSpeedRatings" value="1100"/>
          <property name="Exif/Make" value="NIKON CORPORATION"/>
          <property name="Exif/Model" value="NIKON D5100"/>
          <property name="Exif/Orientation" value="1"/>
          <property name="Exif/Software" value="Ver.1.01 "/>
          <property name="File/ImageHeight" value="3264"/>
          <property name="File/ImageWidth" value="4928"/>
          <property name="System/FileModifyDate" value="2016:11:02 17:07:16"/>
          <property name="System/FileSize" value="7156545"/>
        </meta>
      </photo>
    </camera>
    <camera camera_id="50">
      <photo path="../../../images/DSC_0435.JPG">
        <meta>
          <property name="Exif/DateTime" value="2016:11:02 17:07:22"/>
          <property name="Exif/DateTimeOriginal" value="2016:11:02 17:07:22"/>
          <property name="Exif/ExposureTime" value="0.0166666666666667"/>
          <property name="Exif/FNumber" value="4"/>
          <property name="Exif/FocalLength" value="18"/>
          <property name="Exif/FocalLengthIn35mmFilm" value="27"/>
          <property name="Exif/ISOSpeedRatings" value="1250"/>
          <property name="Exif/Make" value="NIKON CORPORATION"/>
          <property name="Exif/Model" value="NIKON D5100"/>
          <property name="Exif/Orientation" value="1"/>
          <property name="Exif/Software" value="Ver.1.01 "/>
          <property name="File/ImageHeight" value="3264"/>
          <property name="File/ImageWidth" value="4928"/>
          <property name="System/FileModifyDate" value="2016:11:02 17:07:22"/>
          <property name="System/FileSize" value="7158599"/>
        </meta>
      </photo>
    </camera>
    <camera camera_id="51">
      <photo path="../../../images/DSC_0436.JPG">
        <meta>
          <property name="Exif/DateTime" value="2016:11:02 17:07:26"/>
          <property name="Exif/DateTimeOriginal" value="2016:11:02 17:07:26"/>
          <property name="Exif/ExposureTime" value="0.0166666666666667"/>
          <property name="Exif/FNumber" value="4"/>
          <property name="Exif/FocalLength" value="18"/>
          <property name="Exif/FocalLengthIn35mmFilm" value="27"/>
          <property name="Exif/ISOSpeedRatings" value="1250"/>
          <property name="Exif/Make" value="NIKON CORPORATION"/>
          <property name="Exif/Model" value="NIKON D5100"/>
          <property name="Exif/Orientation" value="1"/>
          <property name="Exif/Software" value="Ver.1.01 "/>
          <property name="File/ImageHeight" value="3264"/>
          <property name="File/ImageWidth" value="4928"/>
          <property name="System/FileModifyDate" value="2016:11:02 17:07:26"/>
          <property name="System/FileSize" value="7346713"/>
        </meta>
      </photo>
    </camera>
    <camera camera_id="52">
      <photo path="../../../images/DSC_0437.JPG">
        <meta>
          <property name="Exif/DateTime" value="2016:11:02 17:07:27"/>
          <property name="Exif/DateTimeOriginal" value="2016:11:02 17:07:27"/>
          <property name="Exif/ExposureTime" value="0.0166666666666667"/>
          <property name="Exif/FNumber" value="4"/>
          <property name="Exif/FocalLength" value="18"/>
          <property name="Exif/FocalLengthIn35mmFilm" value="27"/>
          <property name="Exif/ISOSpeedRatings" value="1250"/>
          <property name="Exif/Make" value="NIKON CORPORATION"/>
          <property name="Exif/Model" value="NIKON D5100"/>
          <property name="Exif/Orientation" value="1"/>
          <property name="Exif/Software" value="Ver.1.01 "/>
          <property name="File/ImageHeight" value="3264"/>
          <property name="File/ImageWidth" value="4928"/>
          <property name="System/FileModifyDate" value="2016:11:02 17:07:28"/>
          <property name="System/FileSize" value="7549802"/>
        </meta>
      </photo>
    </camera>
    <camera camera_id="53">
      <photo path="../../../images/DSC_0438.JPG">
        <meta>
          <property name="Exif/DateTime" value="2016:11:02 17:07:29"/>
          <property name="Exif/DateTimeOriginal" value="2016:11:02 17:07:29"/>
          <property name="Exif/ExposureTime" value="0.0166666666666667"/>
          <property name="Exif/FNumber" value="4"/>
          <property name="Exif/FocalLength" value="18"/>
          <property name="Exif/FocalLengthIn35mmFilm" value="27"/>
          <property name="Exif/ISOSpeedRatings" value="1400"/>
          <property name="Exif/Make" value="NIKON CORPORATION"/>
          <property name="Exif/Model" value="NIKON D5100"/>
          <property name="Exif/Orientation" value="1"/>
          <property name="Exif/Software" value="Ver.1.01 "/>
          <property name="File/ImageHeight" value="3264"/>
          <property name="File/ImageWidth" value="4928"/>
          <property name="System/FileModifyDate" value="2016:11:02 17:07:30"/>
          <property name="System/FileSize" value="7547991"/>
        </meta>
      </photo>
    </camera>
    <camera camera_id="54">
      <photo path="../../../images/DSC_0439.JPG">
        <meta>
          <property name="Exif/DateTime" value="2016:11:02 17:07:34"/>
          <property name="Exif/DateTimeOriginal" value="2016:11:02 17:07:34"/>
          <property name="Exif/ExposureTime" value="0.0166666666666667"/>
          <property name="Exif/FNumber" value="4"/>
          <property name="Exif/FocalLength" value="18"/>
          <property name="Exif/FocalLengthIn35mmFilm" value="27"/>
          <property name="Exif/ISOSpeedRatings" value="1400"/>
          <property name="Exif/Make" value="NIKON CORPORATION"/>
          <property name="Exif/Model" value="NIKON D5100"/>
          <property name="Exif/Orientation" value="1"/>
          <property name="Exif/Software" value="Ver.1.01 "/>
          <property name="File/ImageHeight" value="3264"/>
          <property name="File/ImageWidth" value="4928"/>
          <property name="System/FileModifyDate" value="2016:11:02 17:07:34"/>
          <property name="System/FileSize" value="7427379"/>
        </meta>
      </photo>
    </camera>
    <camera camera_id="55">
      <photo path="../../../images/DSC_0440.JPG">
        <meta>
          <property name="Exif/DateTime" value="2016:11:02 17:07:40"/>
          <property name="Exif/DateTimeOriginal" value="2016:11:02 17:07:40"/>
          <property name="Exif/ExposureTime" value="0.0166666666666667"/>
          <property name="Exif/FNumber" value="4"/>
          <property name="Exif/FocalLength" value="18"/>
          <property name="Exif/FocalLengthIn35mmFilm" value="27"/>
          <property name="Exif/ISOSpeedRatings" value="1600"/>
          <property name="Exif/Make" value="NIKON CORPORATION"/>
          <property name="Exif/Model" value="NIKON D5100"/>
          <property name="Exif/Orientation" value="1"/>
          <property name="Exif/Software" value="Ver.1.01 "/>
          <property name="File/ImageHeight" value="3264"/>
          <property name="File/ImageWidth" value="4928"/>
          <property name="System/FileModifyDate" value="2016:11:02 17:07:40"/>
          <property name="System/FileSize" value="7478139"/>
        </meta>
      </photo>
    </camera>
    <camera camera_id="56">
      <photo path="../../../images/DSC_0441.JPG">
        <meta>
          <property name="Exif/DateTime" value="2016:11:02 17:07:42"/>
          <property name="Exif/DateTimeOriginal" value="2016:11:02 17:07:42"/>
          <property name="Exif/ExposureTime" value="0.0166666666666667"/>
          <property name="Exif/FNumber" value="4"/>
          <property name="Exif/FocalLength" value="18"/>
          <property name="Exif/FocalLengthIn35mmFilm" value="27"/>
          <property name="Exif/ISOSpeedRatings" value="1600"/>
          <property name="Exif/Make" value="NIKON CORPORATION"/>
          <property name="Exif/Model" value="NIKON D5100"/>
          <property name="Exif/Orientation" value="1"/>
          <property name="Exif/Software" value="Ver.1.01 "/>
          <property name="File/ImageHeight" value="3264"/>
          <property name="File/ImageWidth" value="4928"/>
          <property name="System/FileModifyDate" value="2016:11:02 17:07:42"/>
          <property name="System/FileSize" value="7657187"/>
        </meta>
      </photo>
    </camera>
    <camera camera_id="57">
      <photo path="../../../images/DSC_0442.JPG">
        <meta>
          <property name="Exif/DateTime" value="2016:11:02 17:07:49"/>
          <property name="Exif/DateTimeOriginal" value="2016:11:02 17:07:49"/>
          <property name="Exif/ExposureTime" value="0.0166666666666667"/>
          <property name="Exif/FNumber" value="4"/>
          <property name="Exif/FocalLength" value="18"/>
          <property name="Exif/FocalLengthIn35mmFilm" value="27"/>
          <property name="Exif/ISOSpeedRatings" value="1600"/>
          <property name="Exif/Make" value="NIKON CORPORATION"/>
          <property name="Exif/Model" value="NIKON D5100"/>
          <property name="Exif/Orientation" value="1"/>
          <property name="Exif/Software" value="Ver.1.01 "/>
          <property name="File/ImageHeight" value="3264"/>
          <property name="File/ImageWidth" value="4928"/>
          <property name="System/FileModifyDate" value="2016:11:02 17:07:50"/>
          <property name="System/FileSize" value="7655326"/>
        </meta>
      </photo>
    </camera>
    <camera camera_id="58">
      <photo path="../../../images/DSC_0443.JPG">
        <meta>
          <property name="Exif/DateTime" value="2016:11:02 17:07:51"/>
          <property name="Exif/DateTimeOriginal" value="2016:11:02 17:07:51"/>
          <property name="Exif/ExposureTime" value="0.0166666666666667"/>
          <property name="Exif/FNumber" value="3.8"/>
          <property name="Exif/FocalLength" value="18"/>
          <property name="Exif/FocalLengthIn35mmFilm" value="27"/>
          <property name="Exif/ISOSpeedRatings" value="1600"/>
          <property name="Exif/Make" value="NIKON CORPORATION"/>
          <property name="Exif/Model" value="NIKON D5100"/>
          <property name="Exif/Orientation" value="1"/>
          <property name="Exif/Software" value="Ver.1.01 "/>
          <property name="File/ImageHeight" value="3264"/>
          <property name="File/ImageWidth" value="4928"/>
          <property name="System/FileModifyDate" value="2016:11:02 17:07:50"/>
          <property name="System/FileSize" value="8154730"/>
        </meta>
      </photo>
    </camera>
    <camera camera_id="59">
      <photo path="../../../images/DSC_0444.JPG">
        <meta>
          <property name="Exif/DateTime" value="2016:11:02 17:07:59"/>
          <property name="Exif/DateTimeOriginal" value="2016:11:02 17:07:59"/>
          <property name="Exif/ExposureTime" value="0.0166666666666667"/>
          <property name="Exif/FNumber" value="4"/>
          <property name="Exif/FocalLength" value="18"/>
          <property name="Exif/FocalLengthIn35mmFilm" value="27"/>
          <property name="Exif/ISOSpeedRatings" value="1100"/>
          <property name="Exif/Make" value="NIKON CORPORATION"/>
          <property name="Exif/Model" value="NIKON D5100"/>
          <property name="Exif/Orientation" value="1"/>
          <property name="Exif/Software" value="Ver.1.01 "/>
          <property name="File/ImageHeight" value="3264"/>
          <property name="File/ImageWidth" value="4928"/>
          <property name="System/FileModifyDate" value="2016:11:02 17:07:58"/>
          <property name="System/FileSize" value="7195607"/>
        </meta>
      </photo>
    </camera>
    <camera camera_id="60">
      <photo path="../../../images/DSC_0445.JPG">
        <meta>
          <property name="Exif/DateTime" value="2016:11:02 17:08:00"/>
          <property name="Exif/DateTimeOriginal" value="2016:11:02 17:08:00"/>
          <property name="Exif/ExposureTime" value="0.0166666666666667"/>
          <property name="Exif/FNumber" value="4"/>
          <property name="Exif/FocalLength" value="18"/>
          <property name="Exif/FocalLengthIn35mmFilm" value="27"/>
          <property name="Exif/ISOSpeedRatings" value="1100"/>
          <property name="Exif/Make" value="NIKON CORPORATION"/>
          <property name="Exif/Model" value="NIKON D5100"/>
          <property name="Exif/Orientation" value="1"/>
          <property name="Exif/Software" value="Ver.1.01 "/>
          <property name="File/ImageHeight" value="3264"/>
          <property name="File/ImageWidth" value="4928"/>
          <property name="System/FileModifyDate" value="2016:11:02 17:08:00"/>
          <property name="System/FileSize" value="7279338"/>
        </meta>
      </photo>
    </camera>
    <camera camera_id="61">
      <photo path="../../../images/DSC_0446.JPG">
        <meta>
          <property name="Exif/DateTime" value="2016:11:02 17:08:02"/>
          <property name="Exif/DateTimeOriginal" value="2016:11:02 17:08:02"/>
          <property name="Exif/ExposureTime" value="0.0166666666666667"/>
          <property name="Exif/FNumber" value="4"/>
          <property name="Exif/FocalLength" value="18"/>
          <property name="Exif/FocalLengthIn35mmFilm" value="27"/>
          <property name="Exif/ISOSpeedRatings" value="1100"/>
          <property name="Exif/Make" value="NIKON CORPORATION"/>
          <property name="Exif/Model" value="NIKON D5100"/>
          <property name="Exif/Orientation" value="1"/>
          <property name="Exif/Software" value="Ver.1.01 "/>
          <property name="File/ImageHeight" value="3264"/>
          <property name="File/ImageWidth" value="4928"/>
          <property name="System/FileModifyDate" value="2016:11:02 17:08:02"/>
          <property name="System/FileSize" value="7190827"/>
        </meta>
      </photo>
    </camera>
    <camera camera_id="62">
      <photo path="../../../images/DSC_0447.JPG">
        <meta>
          <property name="Exif/DateTime" value="2016:11:02 17:08:04"/>
          <property name="Exif/DateTimeOriginal" value="2016:11:02 17:08:04"/>
          <property name="Exif/ExposureTime" value="0.0166666666666667"/>
          <property name="Exif/FNumber" value="4"/>
          <property name="Exif/FocalLength" value="18"/>
          <property name="Exif/FocalLengthIn35mmFilm" value="27"/>
          <property name="Exif/ISOSpeedRatings" value="1250"/>
          <property name="Exif/Make" value="NIKON CORPORATION"/>
          <property name="Exif/Model" value="NIKON D5100"/>
          <property name="Exif/Orientation" value="1"/>
          <property name="Exif/Software" value="Ver.1.01 "/>
          <property name="File/ImageHeight" value="3264"/>
          <property name="File/ImageWidth" value="4928"/>
          <property name="System/FileModifyDate" value="2016:11:02 17:08:04"/>
          <property name="System/FileSize" value="7145230"/>
        </meta>
      </photo>
    </camera>
    <camera camera_id="63">
      <photo path="../../../images/DSC_0448.JPG">
        <meta>
          <property name="Exif/DateTime" value="2016:11:02 17:08:06"/>
          <property name="Exif/DateTimeOriginal" value="2016:11:02 17:08:06"/>
          <property name="Exif/ExposureTime" value="0.0166666666666667"/>
          <property name="Exif/FNumber" value="4"/>
          <property name="Exif/FocalLength" value="18"/>
          <property name="Exif/FocalLengthIn35mmFilm" value="27"/>
          <property name="Exif/ISOSpeedRatings" value="1250"/>
          <property name="Exif/Make" value="NIKON CORPORATION"/>
          <property name="Exif/Model" value="NIKON D5100"/>
          <property name="Exif/Orientation" value="1"/>
          <property name="Exif/Software" value="Ver.1.01 "/>
          <property name="File/ImageHeight" value="3264"/>
          <property name="File/ImageWidth" value="4928"/>
          <property name="System/FileModifyDate" value="2016:11:02 17:08:08"/>
          <property name="System/FileSize" value="7265944"/>
        </meta>
      </photo>
    </camera>
    <camera camera_id="64">
      <photo path="../../../images/DSC_0449.JPG">
        <meta>
          <property name="Exif/DateTime" value="2016:11:02 17:08:07"/>
          <property name="Exif/DateTimeOriginal" value="2016:11:02 17:08:07"/>
          <property name="Exif/ExposureTime" value="0.0166666666666667"/>
          <property name="Exif/FNumber" value="4"/>
          <property name="Exif/FocalLength" value="18"/>
          <property name="Exif/FocalLengthIn35mmFilm" value="27"/>
          <property name="Exif/ISOSpeedRatings" value="1100"/>
          <property name="Exif/Make" value="NIKON CORPORATION"/>
          <property name="Exif/Model" value="NIKON D5100"/>
          <property name="Exif/Orientation" value="1"/>
          <property name="Exif/Software" value="Ver.1.01 "/>
          <property name="File/ImageHeight" value="3264"/>
          <property name="File/ImageWidth" value="4928"/>
          <property name="System/FileModifyDate" value="2016:11:02 17:08:08"/>
          <property name="System/FileSize" value="7226009"/>
        </meta>
      </photo>
    </camera>
    <camera camera_id="65">
      <photo path="../../../images/DSC_0450.JPG">
        <meta>
          <property name="Exif/DateTime" value="2016:11:02 17:08:10"/>
          <property name="Exif/DateTimeOriginal" value="2016:11:02 17:08:10"/>
          <property name="Exif/ExposureTime" value="0.0166666666666667"/>
          <property name="Exif/FNumber" value="4"/>
          <property name="Exif/FocalLength" value="18"/>
          <property name="Exif/FocalLengthIn35mmFilm" value="27"/>
          <property name="Exif/ISOSpeedRatings" value="1100"/>
          <property name="Exif/Make" value="NIKON CORPORATION"/>
          <property name="Exif/Model" value="NIKON D5100"/>
          <property name="Exif/Orientation" value="1"/>
          <property name="Exif/Software" value="Ver.1.01 "/>
          <property name="File/ImageHeight" value="3264"/>
          <property name="File/ImageWidth" value="4928"/>
          <property name="System/FileModifyDate" value="2016:11:02 17:08:10"/>
          <property name="System/FileSize" value="7199871"/>
        </meta>
      </photo>
    </camera>
    <camera camera_id="66">
      <photo path="../../../images/DSC_0451.JPG">
        <meta>
          <property name="Exif/DateTime" value="2016:11:02 17:08:15"/>
          <property name="Exif/DateTimeOriginal" value="2016:11:02 17:08:15"/>
          <property name="Exif/ExposureTime" value="0.0166666666666667"/>
          <property name="Exif/FNumber" value="4"/>
          <property name="Exif/FocalLength" value="18"/>
          <property name="Exif/FocalLengthIn35mmFilm" value="27"/>
          <property name="Exif/ISOSpeedRatings" value="1400"/>
          <property name="Exif/Make" value="NIKON CORPORATION"/>
          <property name="Exif/Model" value="NIKON D5100"/>
          <property name="Exif/Orientation" value="1"/>
          <property name="Exif/Software" value="Ver.1.01 "/>
          <property name="File/ImageHeight" value="3264"/>
          <property name="File/ImageWidth" value="4928"/>
          <property name="System/FileModifyDate" value="2016:11:02 17:08:16"/>
          <property name="System/FileSize" value="7296337"/>
        </meta>
      </photo>
    </camera>
    <camera camera_id="67">
      <photo path="../../../images/DSC_0452.JPG">
        <meta>
          <property name="Exif/DateTime" value="2016:11:02 17:08:17"/>
          <property name="Exif/DateTimeOriginal" value="2016:11:02 17:08:17"/>
          <property name="Exif/ExposureTime" value="0.0166666666666667"/>
          <property name="Exif/FNumber" value="4"/>
          <property name="Exif/FocalLength" value="18"/>
          <property name="Exif/FocalLengthIn35mmFilm" value="27"/>
          <property name="Exif/ISOSpeedRatings" value="1250"/>
          <property name="Exif/Make" value="NIKON CORPORATION"/>
          <property name="Exif/Model" value="NIKON D5100"/>
          <property name="Exif/Orientation" value="1"/>
          <property name="Exif/Software" value="Ver.1.01 "/>
          <property name="File/ImageHeight" value="3264"/>
          <property name="File/ImageWidth" value="4928"/>
          <property name="System/FileModifyDate" value="2016:11:02 17:08:18"/>
          <property name="System/FileSize" value="7270062"/>
        </meta>
      </photo>
    </camera>
    <camera camera_id="68">
      <photo path="../../../images/DSC_0453.JPG">
        <meta>
          <property name="Exif/DateTime" value="2016:11:02 17:08:19"/>
          <property name="Exif/DateTimeOriginal" value="2016:11:02 17:08:19"/>
          <property name="Exif/ExposureTime" value="0.0166666666666667"/>
          <property name="Exif/FNumber" value="4"/>
          <property name="Exif/FocalLength" value="18"/>
          <property name="Exif/FocalLengthIn35mmFilm" value="27"/>
          <property name="Exif/ISOSpeedRatings" value="1250"/>
          <property name="Exif/Make" value="NIKON CORPORATION"/>
          <property name="Exif/Model" value="NIKON D5100"/>
          <property name="Exif/Orientation" value="1"/>
          <property name="Exif/Software" value="Ver.1.01 "/>
          <property name="File/ImageHeight" value="3264"/>
          <property name="File/ImageWidth" value="4928"/>
          <property name="System/FileModifyDate" value="2016:11:02 17:08:20"/>
          <property name="System/FileSize" value="7086197"/>
        </meta>
      </photo>
    </camera>
    <camera camera_id="69">
      <photo path="../../../images/DSC_0454.JPG">
        <meta>
          <property name="Exif/DateTime" value="2016:11:02 17:08:25"/>
          <property name="Exif/DateTimeOriginal" value="2016:11:02 17:08:25"/>
          <property name="Exif/ExposureTime" value="0.0166666666666667"/>
          <property name="Exif/FNumber" value="4"/>
          <property name="Exif/FocalLength" value="18"/>
          <property name="Exif/FocalLengthIn35mmFilm" value="27"/>
          <property name="Exif/ISOSpeedRatings" value="1100"/>
          <property name="Exif/Make" value="NIKON CORPORATION"/>
          <property name="Exif/Model" value="NIKON D5100"/>
          <property name="Exif/Orientation" value="1"/>
          <property name="Exif/Software" value="Ver.1.01 "/>
          <property name="File/ImageHeight" value="3264"/>
          <property name="File/ImageWidth" value="4928"/>
          <property name="System/FileModifyDate" value="2016:11:02 17:08:26"/>
          <property name="System/FileSize" value="7113732"/>
        </meta>
      </photo>
    </camera>
    <camera camera_id="0">
      <photo path="../../../images/DSC_0455.JPG">
        <meta>
          <property name="Exif/DateTime" value="2016:11:02 17:08:52"/>
          <property name="Exif/DateTimeOriginal" value="2016:11:02 17:08:52"/>
          <property name="Exif/ExposureTime" value="0.0166666666666667"/>
          <property name="Exif/FNumber" value="4"/>
          <property name="Exif/FocalLength" value="18"/>
          <property name="Exif/FocalLengthIn35mmFilm" value="27"/>
          <property name="Exif/ISOSpeedRatings" value="1250"/>
          <property name="Exif/Make" value="NIKON CORPORATION"/>
          <property name="Exif/Model" value="NIKON D5100"/>
          <property name="Exif/Orientation" value="1"/>
          <property name="Exif/Software" value="Ver.1.01 "/>
          <property name="File/ImageHeight" value="3264"/>
          <property name="File/ImageWidth" value="4928"/>
          <property name="System/FileModifyDate" value="2016:11:02 17:08:52"/>
          <property name="System/FileSize" value="7214553"/>
        </meta>
      </photo>
    </camera>
    <camera camera_id="1">
      <photo path="../../../images/DSC_0456.JPG">
        <meta>
          <property name="Exif/DateTime" value="2016:11:02 17:08:53"/>
          <property name="Exif/DateTimeOriginal" value="2016:11:02 17:08:53"/>
          <property name="Exif/ExposureTime" value="0.0166666666666667"/>
          <property name="Exif/FNumber" value="4"/>
          <property name="Exif/FocalLength" value="18"/>
          <property name="Exif/FocalLengthIn35mmFilm" value="27"/>
          <property name="Exif/ISOSpeedRatings" value="1250"/>
          <property name="Exif/Make" value="NIKON CORPORATION"/>
          <property name="Exif/Model" value="NIKON D5100"/>
          <property name="Exif/Orientation" value="1"/>
          <property name="Exif/Software" value="Ver.1.01 "/>
          <property name="File/ImageHeight" value="3264"/>
          <property name="File/ImageWidth" value="4928"/>
          <property name="System/FileModifyDate" value="2016:11:02 17:08:54"/>
          <property name="System/FileSize" value="7322531"/>
        </meta>
      </photo>
    </camera>
    <camera camera_id="2">
      <photo path="../../../images/DSC_0457.JPG">
        <meta>
          <property name="Exif/DateTime" value="2016:11:02 17:08:55"/>
          <property name="Exif/DateTimeOriginal" value="2016:11:02 17:08:55"/>
          <property name="Exif/ExposureTime" value="0.0166666666666667"/>
          <property name="Exif/FNumber" value="4"/>
          <property name="Exif/FocalLength" value="18"/>
          <property name="Exif/FocalLengthIn35mmFilm" value="27"/>
          <property name="Exif/ISOSpeedRatings" value="1400"/>
          <property name="Exif/Make" value="NIKON CORPORATION"/>
          <property name="Exif/Model" value="NIKON D5100"/>
          <property name="Exif/Orientation" value="1"/>
          <property name="Exif/Software" value="Ver.1.01 "/>
          <property name="File/ImageHeight" value="3264"/>
          <property name="File/ImageWidth" value="4928"/>
          <property name="System/FileModifyDate" value="2016:11:02 17:08:56"/>
          <property name="System/FileSize" value="7250756"/>
        </meta>
      </photo>
    </camera>
    <camera camera_id="3">
      <photo path="../../../images/DSC_0458.JPG">
        <meta>
          <property name="Exif/DateTime" value="2016:11:02 17:08:56"/>
          <property name="Exif/DateTimeOriginal" value="2016:11:02 17:08:56"/>
          <property name="Exif/ExposureTime" value="0.0166666666666667"/>
          <property name="Exif/FNumber" value="4"/>
          <property name="Exif/FocalLength" value="18"/>
          <property name="Exif/FocalLengthIn35mmFilm" value="27"/>
          <property name="Exif/ISOSpeedRatings" value="1400"/>
          <property name="Exif/Make" value="NIKON CORPORATION"/>
          <property name="Exif/Model" value="NIKON D5100"/>
          <property name="Exif/Orientation" value="1"/>
          <property name="Exif/Software" value="Ver.1.01 "/>
          <property name="File/ImageHeight" value="3264"/>
          <property name="File/ImageWidth" value="4928"/>
          <property name="System/FileModifyDate" value="2016:11:02 17:08:56"/>
          <property name="System/FileSize" value="7290337"/>
        </meta>
      </photo>
    </camera>
    <camera camera_id="4">
      <photo path="../../../images/DSC_0459.JPG">
        <meta>
          <property name="Exif/DateTime" value="2016:11:02 17:09:00"/>
          <property name="Exif/DateTimeOriginal" value="2016:11:02 17:09:00"/>
          <property name="Exif/ExposureTime" value="0.0166666666666667"/>
          <property name="Exif/FNumber" value="4"/>
          <property name="Exif/FocalLength" value="18"/>
          <property name="Exif/FocalLengthIn35mmFilm" value="27"/>
          <property name="Exif/ISOSpeedRatings" value="1400"/>
          <property name="Exif/Make" value="NIKON CORPORATION"/>
          <property name="Exif/Model" value="NIKON D5100"/>
          <property name="Exif/Orientation" value="1"/>
          <property name="Exif/Software" value="Ver.1.01 "/>
          <property name="File/ImageHeight" value="3264"/>
          <property name="File/ImageWidth" value="4928"/>
          <property name="System/FileModifyDate" value="2016:11:02 17:09:00"/>
          <property name="System/FileSize" value="7445483"/>
        </meta>
      </photo>
    </camera>
    <camera camera_id="5">
      <photo path="../../../images/DSC_0460.JPG">
        <meta>
          <property name="Exif/DateTime" value="2016:11:02 17:09:02"/>
          <property name="Exif/DateTimeOriginal" value="2016:11:02 17:09:02"/>
          <property name="Exif/ExposureTime" value="0.0166666666666667"/>
          <property name="Exif/FNumber" value="4"/>
          <property name="Exif/FocalLength" value="18"/>
          <property name="Exif/FocalLengthIn35mmFilm" value="27"/>
          <property name="Exif/ISOSpeedRatings" value="1250"/>
          <property name="Exif/Make" value="NIKON CORPORATION"/>
          <property name="Exif/Model" value="NIKON D5100"/>
          <property name="Exif/Orientation" value="1"/>
          <property name="Exif/Software" value="Ver.1.01 "/>
          <property name="File/ImageHeight" value="3264"/>
          <property name="File/ImageWidth" value="4928"/>
          <property name="System/FileModifyDate" value="2016:11:02 17:09:04"/>
          <property name="System/FileSize" value="7595546"/>
        </meta>
      </photo>
    </camera>
    <camera camera_id="6">
      <photo path="../../../images/DSC_0461.JPG">
        <meta>
          <property name="Exif/DateTime" value="2016:11:02 17:09:06"/>
          <property name="Exif/DateTimeOriginal" value="2016:11:02 17:09:06"/>
          <property name="Exif/ExposureTime" value="0.0166666666666667"/>
          <property name="Exif/FNumber" value="4"/>
          <property name="Exif/FocalLength" value="18"/>
          <property name="Exif/FocalLengthIn35mmFilm" value="27"/>
          <property name="Exif/ISOSpeedRatings" value="1100"/>
          <property name="Exif/Make" value="NIKON CORPORATION"/>
          <property name="Exif/Model" value="NIKON D5100"/>
          <property name="Exif/Orientation" value="1"/>
          <property name="Exif/Software" value="Ver.1.01 "/>
          <property name="File/ImageHeight" value="3264"/>
          <property name="File/ImageWidth" value="4928"/>
          <property name="System/FileModifyDate" value="2016:11:02 17:09:06"/>
          <property name="System/FileSize" value="7850006"/>
        </meta>
      </photo>
    </camera>
    <camera camera_id="7">
      <photo path="../../../images/DSC_0462.JPG">
        <meta>
          <property name="Exif/DateTime" value="2016:11:02 17:09:07"/>
          <property name="Exif/DateTimeOriginal" value="2016:11:02 17:09:07"/>
          <property name="Exif/ExposureTime" value="0.0166666666666667"/>
          <property name="Exif/FNumber" value="4"/>
          <property name="Exif/FocalLength" value="18"/>
          <property name="Exif/FocalLengthIn35mmFilm" value="27"/>
          <property name="Exif/ISOSpeedRatings" value="1250"/>
          <property name="Exif/Make" value="NIKON CORPORATION"/>
          <property name="Exif/Model" value="NIKON D5100"/>
          <property name="Exif/Orientation" value="1"/>
          <property name="Exif/Software" value="Ver.1.01 "/>
          <property name="File/ImageHeight" value="3264"/>
          <property name="File/ImageWidth" value="4928"/>
          <property name="System/FileModifyDate" value="2016:11:02 17:09:08"/>
          <property name="System/FileSize" value="7860841"/>
        </meta>
      </photo>
    </camera>
    <camera camera_id="8">
      <photo path="../../../images/DSC_0463.JPG">
        <meta>
          <property name="Exif/DateTime" value="2016:11:02 17:09:10"/>
          <property name="Exif/DateTimeOriginal" value="2016:11:02 17:09:10"/>
          <property name="Exif/ExposureTime" value="0.0166666666666667"/>
          <property name="Exif/FNumber" value="4"/>
          <property name="Exif/FocalLength" value="18"/>
          <property name="Exif/FocalLengthIn35mmFilm" value="27"/>
          <property name="Exif/ISOSpeedRatings" value="1400"/>
          <property name="Exif/Make" value="NIKON CORPORATION"/>
          <property name="Exif/Model" value="NIKON D5100"/>
          <property name="Exif/Orientation" value="1"/>
          <property name="Exif/Software" value="Ver.1.01 "/>
          <property name="File/ImageHeight" value="3264"/>
          <property name="File/ImageWidth" value="4928"/>
          <property name="System/FileModifyDate" value="2016:11:02 17:09:10"/>
          <property name="System/FileSize" value="7573697"/>
        </meta>
      </photo>
    </camera>
    <camera camera_id="9">
      <photo path="../../../images/DSC_0464.JPG">
        <meta>
          <property name="Exif/DateTime" value="2016:11:02 17:09:12"/>
          <property name="Exif/DateTimeOriginal" value="2016:11:02 17:09:12"/>
          <property name="Exif/ExposureTime" value="0.0166666666666667"/>
          <property name="Exif/FNumber" value="4"/>
          <property name="Exif/FocalLength" value="18"/>
          <property name="Exif/FocalLengthIn35mmFilm" value="27"/>
          <property name="Exif/ISOSpeedRatings" value="1600"/>
          <property name="Exif/Make" value="NIKON CORPORATION"/>
          <property name="Exif/Model" value="NIKON D5100"/>
          <property name="Exif/Orientation" value="1"/>
          <property name="Exif/Software" value="Ver.1.01 "/>
          <property name="File/ImageHeight" value="3264"/>
          <property name="File/ImageWidth" value="4928"/>
          <property name="System/FileModifyDate" value="2016:11:02 17:09:12"/>
          <property name="System/FileSize" value="7623892"/>
        </meta>
      </photo>
    </camera>
    <camera camera_id="10">
      <photo path="../../../images/DSC_0465.JPG">
        <meta>
          <property name="Exif/DateTime" value="2016:11:02 17:09:13"/>
          <property name="Exif/DateTimeOriginal" value="2016:11:02 17:09:13"/>
          <property name="Exif/ExposureTime" value="0.0166666666666667"/>
          <property name="Exif/FNumber" value="4"/>
          <property name="Exif/FocalLength" value="18"/>
          <property name="Exif/FocalLengthIn35mmFilm" value="27"/>
          <property name="Exif/ISOSpeedRatings" value="1400"/>
          <property name="Exif/Make" value="NIKON CORPORATION"/>
          <property name="Exif/Model" value="NIKON D5100"/>
          <property name="Exif/Orientation" value="1"/>
          <property name="Exif/Software" value="Ver.1.01 "/>
          <property name="File/ImageHeight" value="3264"/>
          <property name="File/ImageWidth" value="4928"/>
          <property name="System/FileModifyDate" value="2016:11:02 17:09:14"/>
          <property name="System/FileSize" value="7429006"/>
        </meta>
      </photo>
    </camera>
    <camera camera_id="11">
      <photo path="../../../images/DSC_0466.JPG">
        <meta>
          <property name="Exif/DateTime" value="2016:11:02 17:09:15"/>
          <property name="Exif/DateTimeOriginal" value="2016:11:02 17:09:15"/>
          <property name="Exif/ExposureTime" value="0.0166666666666667"/>
          <property name="Exif/FNumber" value="4"/>
          <property name="Exif/FocalLength" value="18"/>
          <property name="Exif/FocalLengthIn35mmFilm" value="27"/>
          <property name="Exif/ISOSpeedRatings" value="1100"/>
          <property name="Exif/Make" value="NIKON CORPORATION"/>
          <property name="Exif/Model" value="NIKON D5100"/>
          <property name="Exif/Orientation" value="1"/>
          <property name="Exif/Software" value="Ver.1.01 "/>
          <property name="File/ImageHeight" value="3264"/>
          <property name="File/ImageWidth" value="4928"/>
          <property name="System/FileModifyDate" value="2016:11:02 17:09:16"/>
          <property name="System/FileSize" value="7030068"/>
        </meta>
      </photo>
    </camera>
    <camera camera_id="12">
      <photo path="../../../images/DSC_0467.JPG">
        <meta>
          <property name="Exif/DateTime" value="2016:11:02 17:09:18"/>
          <property name="Exif/DateTimeOriginal" value="2016:11:02 17:09:18"/>
          <property name="Exif/ExposureTime" value="0.0166666666666667"/>
          <property name="Exif/FNumber" value="4"/>
          <property name="Exif/FocalLength" value="18"/>
          <property name="Exif/FocalLengthIn35mmFilm" value="27"/>
          <property name="Exif/ISOSpeedRatings" value="1100"/>
          <property name="Exif/Make" value="NIKON CORPORATION"/>
          <property name="Exif/Model" value="NIKON D5100"/>
          <property name="Exif/Orientation" value="1"/>
          <property name="Exif/Software" value="Ver.1.01 "/>
          <property name="File/ImageHeight" value="3264"/>
          <property name="File/ImageWidth" value="4928"/>
          <property name="System/FileModifyDate" value="2016:11:02 17:09:18"/>
          <property name="System/FileSize" value="6918524"/>
        </meta>
      </photo>
    </camera>
    <camera camera_id="13">
      <photo path="../../../images/DSC_0468.JPG">
        <meta>
          <property name="Exif/DateTime" value="2016:11:02 17:09:19"/>
          <property name="Exif/DateTimeOriginal" value="2016:11:02 17:09:19"/>
          <property name="Exif/ExposureTime" value="0.0166666666666667"/>
          <property name="Exif/FNumber" value="4"/>
          <property name="Exif/FocalLength" value="18"/>
          <property name="Exif/FocalLengthIn35mmFilm" value="27"/>
          <property name="Exif/ISOSpeedRatings" value="1100"/>
          <property name="Exif/Make" value="NIKON CORPORATION"/>
          <property name="Exif/Model" value="NIKON D5100"/>
          <property name="Exif/Orientation" value="1"/>
          <property name="Exif/Software" value="Ver.1.01 "/>
          <property name="File/ImageHeight" value="3264"/>
          <property name="File/ImageWidth" value="4928"/>
          <property name="System/FileModifyDate" value="2016:11:02 17:09:20"/>
          <property name="System/FileSize" value="7264873"/>
        </meta>
      </photo>
    </camera>
    <camera camera_id="14">
      <photo path="../../../images/DSC_0469.JPG">
        <meta>
          <property name="Exif/DateTime" value="2016:11:02 17:09:22"/>
          <property name="Exif/DateTimeOriginal" value="2016:11:02 17:09:22"/>
          <property name="Exif/ExposureTime" value="0.0166666666666667"/>
          <property name="Exif/FNumber" value="4"/>
          <property name="Exif/FocalLength" value="18"/>
          <property name="Exif/FocalLengthIn35mmFilm" value="27"/>
          <property name="Exif/ISOSpeedRatings" value="1100"/>
          <property name="Exif/Make" value="NIKON CORPORATION"/>
          <property name="Exif/Model" value="NIKON D5100"/>
          <property name="Exif/Orientation" value="1"/>
          <property name="Exif/Software" value="Ver.1.01 "/>
          <property name="File/ImageHeight" value="3264"/>
          <property name="File/ImageWidth" value="4928"/>
          <property name="System/FileModifyDate" value="2016:11:02 17:09:22"/>
          <property name="System/FileSize" value="6965171"/>
        </meta>
      </photo>
    </camera>
    <camera camera_id="15">
      <photo path="../../../images/DSC_0470.JPG">
        <meta>
          <property name="Exif/DateTime" value="2016:11:02 17:09:23"/>
          <property name="Exif/DateTimeOriginal" value="2016:11:02 17:09:23"/>
          <property name="Exif/ExposureTime" value="0.0166666666666667"/>
          <property name="Exif/FNumber" value="4"/>
          <property name="Exif/FocalLength" value="18"/>
          <property name="Exif/FocalLengthIn35mmFilm" value="27"/>
          <property name="Exif/ISOSpeedRatings" value="1000"/>
          <property name="Exif/Make" value="NIKON CORPORATION"/>
          <property name="Exif/Model" value="NIKON D5100"/>
          <property name="Exif/Orientation" value="1"/>
          <property name="Exif/Software" value="Ver.1.01 "/>
          <property name="File/ImageHeight" value="3264"/>
          <property name="File/ImageWidth" value="4928"/>
          <property name="System/FileModifyDate" value="2016:11:02 17:09:24"/>
          <property name="System/FileSize" value="6944613"/>
        </meta>
      </photo>
    </camera>
    <camera camera_id="16">
      <photo path="../../../images/DSC_0471.JPG">
        <meta>
          <property name="Exif/DateTime" value="2016:11:02 17:09:27"/>
          <property name="Exif/DateTimeOriginal" value="2016:11:02 17:09:27"/>
          <property name="Exif/ExposureTime" value="0.0166666666666667"/>
          <property name="Exif/FNumber" value="4"/>
          <property name="Exif/FocalLength" value="18"/>
          <property name="Exif/FocalLengthIn35mmFilm" value="27"/>
          <property name="Exif/ISOSpeedRatings" value="1000"/>
          <property name="Exif/Make" value="NIKON CORPORATION"/>
          <property name="Exif/Model" value="NIKON D5100"/>
          <property name="Exif/Orientation" value="1"/>
          <property name="Exif/Software" value="Ver.1.01 "/>
          <property name="File/ImageHeight" value="3264"/>
          <property name="File/ImageWidth" value="4928"/>
          <property name="System/FileModifyDate" value="2016:11:02 17:09:28"/>
          <property name="System/FileSize" value="6733182"/>
        </meta>
      </photo>
    </camera>
    <camera camera_id="17">
      <photo path="../../../images/DSC_0472.JPG">
        <meta>
          <property name="Exif/DateTime" value="2016:11:02 17:09:28"/>
          <property name="Exif/DateTimeOriginal" value="2016:11:02 17:09:28"/>
          <property name="Exif/ExposureTime" value="0.0166666666666667"/>
          <property name="Exif/FNumber" value="4"/>
          <property name="Exif/FocalLength" value="18"/>
          <property name="Exif/FocalLengthIn35mmFilm" value="27"/>
          <property name="Exif/ISOSpeedRatings" value="1000"/>
          <property name="Exif/Make" value="NIKON CORPORATION"/>
          <property name="Exif/Model" value="NIKON D5100"/>
          <property name="Exif/Orientation" value="1"/>
          <property name="Exif/Software" value="Ver.1.01 "/>
          <property name="File/ImageHeight" value="3264"/>
          <property name="File/ImageWidth" value="4928"/>
          <property name="System/FileModifyDate" value="2016:11:02 17:09:28"/>
          <property name="System/FileSize" value="6832055"/>
        </meta>
      </photo>
    </camera>
    <camera camera_id="18">
      <photo path="../../../images/DSC_0473.JPG">
        <meta>
          <property name="Exif/DateTime" value="2016:11:02 17:09:43"/>
          <property name="Exif/DateTimeOriginal" value="2016:11:02 17:09:43"/>
          <property name="Exif/ExposureTime" value="0.0166666666666667"/>
          <property name="Exif/FNumber" value="4"/>
          <property name="Exif/FocalLength" value="18"/>
          <property name="Exif/FocalLengthIn35mmFilm" value="27"/>
          <property name="Exif/ISOSpeedRatings" value="1100"/>
          <property name="Exif/Make" value="NIKON CORPORATION"/>
          <property name="Exif/Model" value="NIKON D5100"/>
          <property name="Exif/Orientation" value="1"/>
          <property name="Exif/Software" value="Ver.1.01 "/>
          <property name="File/ImageHeight" value="3264"/>
          <property name="File/ImageWidth" value="4928"/>
          <property name="System/FileModifyDate" value="2016:11:02 17:09:44"/>
          <property name="System/FileSize" value="7387332"/>
        </meta>
      </photo>
    </camera>
    <camera camera_id="19">
      <photo path="../../../images/DSC_0474.JPG">
        <meta>
          <property name="Exif/DateTime" value="2016:11:02 17:09:44"/>
          <property name="Exif/DateTimeOriginal" value="2016:11:02 17:09:44"/>
          <property name="Exif/ExposureTime" value="0.0166666666666667"/>
          <property name="Exif/FNumber" value="4"/>
          <property name="Exif/FocalLength" value="18"/>
          <property name="Exif/FocalLengthIn35mmFilm" value="27"/>
          <property name="Exif/ISOSpeedRatings" value="1100"/>
          <property name="Exif/Make" value="NIKON CORPORATION"/>
          <property name="Exif/Model" value="NIKON D5100"/>
          <property name="Exif/Orientation" value="1"/>
          <property name="Exif/Software" value="Ver.1.01 "/>
          <property name="File/ImageHeight" value="3264"/>
          <property name="File/ImageWidth" value="4928"/>
          <property name="System/FileModifyDate" value="2016:11:02 17:09:44"/>
          <property name="System/FileSize" value="7374238"/>
        </meta>
      </photo>
    </camera>
    <camera camera_id="20">
      <photo path="../../../images/DSC_0475.JPG">
        <meta>
          <property name="Exif/DateTime" value="2016:11:02 17:09:45"/>
          <property name="Exif/DateTimeOriginal" value="2016:11:02 17:09:45"/>
          <property name="Exif/ExposureTime" value="0.0166666666666667"/>
          <property name="Exif/FNumber" value="4"/>
          <property name="Exif/FocalLength" value="18"/>
          <property name="Exif/FocalLengthIn35mmFilm" value="27"/>
          <property name="Exif/ISOSpeedRatings" value="1100"/>
          <property name="Exif/Make" value="NIKON CORPORATION"/>
          <property name="Exif/Model" value="NIKON D5100"/>
          <property name="Exif/Orientation" value="1"/>
          <property name="Exif/Software" value="Ver.1.01 "/>
          <property name="File/ImageHeight" value="3264"/>
          <property name="File/ImageWidth" value="4928"/>
          <property name="System/FileModifyDate" value="2016:11:02 17:09:46"/>
          <property name="System/FileSize" value="7373760"/>
        </meta>
      </photo>
    </camera>
    <camera camera_id="21">
      <photo path="../../../images/DSC_0479.JPG">
        <meta>
          <property name="Exif/DateTime" value="2016:11:02 17:10:01"/>
          <property name="Exif/DateTimeOriginal" value="2016:11:02 17:10:01"/>
          <property name="Exif/ExposureTime" value="0.0166666666666667"/>
          <property name="Exif/FNumber" value="4"/>
          <property name="Exif/FocalLength" value="18"/>
          <property name="Exif/FocalLengthIn35mmFilm" value="27"/>
          <property name="Exif/ISOSpeedRatings" value="1250"/>
          <property name="Exif/Make" value="NIKON CORPORATION"/>
          <property name="Exif/Model" value="NIKON D5100"/>
          <property name="Exif/Orientation" value="1"/>
          <property name="Exif/Software" value="Ver.1.01 "/>
          <property name="File/ImageHeight" value="3264"/>
          <property name="File/ImageWidth" value="4928"/>
          <property name="System/FileModifyDate" value="2016:11:02 17:10:02"/>
          <property name="System/FileSize" value="7598445"/>
        </meta>
      </photo>
    </camera>
    <camera camera_id="22">
      <photo path="../../../images/DSC_0480.JPG">
        <meta>
          <property name="Exif/DateTime" value="2016:11:02 17:10:03"/>
          <property name="Exif/DateTimeOriginal" value="2016:11:02 17:10:03"/>
          <property name="Exif/ExposureTime" value="0.0166666666666667"/>
          <property name="Exif/FNumber" value="4"/>
          <property name="Exif/FocalLength" value="18"/>
          <property name="Exif/FocalLengthIn35mmFilm" value="27"/>
          <property name="Exif/ISOSpeedRatings" value="1100"/>
          <property name="Exif/Make" value="NIKON CORPORATION"/>
          <property name="Exif/Model" value="NIKON D5100"/>
          <property name="Exif/Orientation" value="1"/>
          <property name="Exif/Software" value="Ver.1.01 "/>
          <property name="File/ImageHeight" value="3264"/>
          <property name="File/ImageWidth" value="4928"/>
          <property name="System/FileModifyDate" value="2016:11:02 17:10:04"/>
          <property name="System/FileSize" value="7720668"/>
        </meta>
      </photo>
    </camera>
    <camera camera_id="23">
      <photo path="../../../images/DSC_0481.JPG">
        <meta>
          <property name="Exif/DateTime" value="2016:11:02 17:10:04"/>
          <property name="Exif/DateTimeOriginal" value="2016:11:02 17:10:04"/>
          <property name="Exif/ExposureTime" value="0.0166666666666667"/>
          <property name="Exif/FNumber" value="4"/>
          <property name="Exif/FocalLength" value="18"/>
          <property name="Exif/FocalLengthIn35mmFilm" value="27"/>
          <property name="Exif/ISOSpeedRatings" value="1100"/>
          <property name="Exif/Make" value="NIKON CORPORATION"/>
          <property name="Exif/Model" value="NIKON D5100"/>
          <property name="Exif/Orientation" value="1"/>
          <property name="Exif/Software" value="Ver.1.01 "/>
          <property name="File/ImageHeight" value="3264"/>
          <property name="File/ImageWidth" value="4928"/>
          <property name="System/FileModifyDate" value="2016:11:02 17:10:04"/>
          <property name="System/FileSize" value="7853383"/>
        </meta>
      </photo>
    </camera>
    <camera camera_id="24">
      <photo path="../../../images/DSC_0482.JPG">
        <meta>
          <property name="Exif/DateTime" value="2016:11:02 17:10:08"/>
          <property name="Exif/DateTimeOriginal" value="2016:11:02 17:10:08"/>
          <property name="Exif/ExposureTime" value="0.0166666666666667"/>
          <property name="Exif/FNumber" value="4"/>
          <property name="Exif/FocalLength" value="18"/>
          <property name="Exif/FocalLengthIn35mmFilm" value="27"/>
          <property name="Exif/ISOSpeedRatings" value="1400"/>
          <property name="Exif/Make" value="NIKON CORPORATION"/>
          <property name="Exif/Model" value="NIKON D5100"/>
          <property name="Exif/Orientation" value="1"/>
          <property name="Exif/Software" value="Ver.1.01 "/>
          <property name="File/ImageHeight" value="3264"/>
          <property name="File/ImageWidth" value="4928"/>
          <property name="System/FileModifyDate" value="2016:11:02 17:10:08"/>
          <property name="System/FileSize" value="8031828"/>
        </meta>
      </photo>
    </camera>
    <camera camera_id="25">
      <photo path="../../../images/DSC_0483.JPG">
        <meta>
          <property name="Exif/DateTime" value="2016:11:02 17:10:09"/>
          <property name="Exif/DateTimeOriginal" value="2016:11:02 17:10:09"/>
          <property name="Exif/ExposureTime" value="0.0166666666666667"/>
          <property name="Exif/FNumber" value="4"/>
          <property name="Exif/FocalLength" value="18"/>
          <property name="Exif/FocalLengthIn35mmFilm" value="27"/>
          <property name="Exif/ISOSpeedRatings" value="1400"/>
          <property name="Exif/Make" value="NIKON CORPORATION"/>
          <property name="Exif/Model" value="NIKON D5100"/>
          <property name="Exif/Orientation" value="1"/>
          <property name="Exif/Software" value="Ver.1.01 "/>
          <property name="File/ImageHeight" value="3264"/>
          <property name="File/ImageWidth" value="4928"/>
          <property name="System/FileModifyDate" value="2016:11:02 17:10:10"/>
          <property name="System/FileSize" value="7651584"/>
        </meta>
      </photo>
    </camera>
    <camera camera_id="26">
      <photo path="../../../images/DSC_0484.JPG">
        <meta>
          <property name="Exif/DateTime" value="2016:11:02 17:10:10"/>
          <property name="Exif/DateTimeOriginal" value="2016:11:02 17:10:10"/>
          <property name="Exif/ExposureTime" value="0.0166666666666667"/>
          <property name="Exif/FNumber" value="4"/>
          <property name="Exif/FocalLength" value="18"/>
          <property name="Exif/FocalLengthIn35mmFilm" value="27"/>
          <property name="Exif/ISOSpeedRatings" value="1400"/>
          <property name="Exif/Make" value="NIKON CORPORATION"/>
          <property name="Exif/Model" value="NIKON D5100"/>
          <property name="Exif/Orientation" value="8"/>
          <property name="Exif/Software" value="Ver.1.01 "/>
          <property name="File/ImageHeight" value="3264"/>
          <property name="File/ImageWidth" value="4928"/>
          <property name="System/FileModifyDate" value="2016:11:02 17:10:10"/>
          <property name="System/FileSize" value="7547821"/>
        </meta>
      </photo>
    </camera>
    <camera camera_id="27">
      <photo path="../../../images/DSC_0485.JPG">
        <meta>
          <property name="Exif/DateTime" value="2016:11:02 17:10:20"/>
          <property name="Exif/DateTimeOriginal" value="2016:11:02 17:10:20"/>
          <property name="Exif/ExposureTime" value="0.0166666666666667"/>
          <property name="Exif/FNumber" value="4"/>
          <property name="Exif/FocalLength" value="18"/>
          <property name="Exif/FocalLengthIn35mmFilm" value="27"/>
          <property name="Exif/ISOSpeedRatings" value="1000"/>
          <property name="Exif/Make" value="NIKON CORPORATION"/>
          <property name="Exif/Model" value="NIKON D5100"/>
          <property name="Exif/Orientation" value="1"/>
          <property name="Exif/Software" value="Ver.1.01 "/>
          <property name="File/ImageHeight" value="3264"/>
          <property name="File/ImageWidth" value="4928"/>
          <property name="System/FileModifyDate" value="2016:11:02 17:10:20"/>
          <property name="System/FileSize" value="7269999"/>
        </meta>
      </photo>
    </camera>
    <camera camera_id="28">
      <photo path="../../../images/DSC_0486.JPG">
        <meta>
          <property name="Exif/DateTime" value="2016:11:02 17:10:21"/>
          <property name="Exif/DateTimeOriginal" value="2016:11:02 17:10:21"/>
          <property name="Exif/ExposureTime" value="0.0166666666666667"/>
          <property name="Exif/FNumber" value="4"/>
          <property name="Exif/FocalLength" value="18"/>
          <property name="Exif/FocalLengthIn35mmFilm" value="27"/>
          <property name="Exif/ISOSpeedRatings" value="900"/>
          <property name="Exif/Make" value="NIKON CORPORATION"/>
          <property name="Exif/Model" value="NIKON D5100"/>
          <property name="Exif/Orientation" value="1"/>
          <property name="Exif/Software" value="Ver.1.01 "/>
          <property name="File/ImageHeight" value="3264"/>
          <property name="File/ImageWidth" value="4928"/>
          <property name="System/FileModifyDate" value="2016:11:02 17:10:22"/>
          <property name="System/FileSize" value="7138301"/>
        </meta>
      </photo>
    </camera>
    <camera camera_id="29">
      <photo path="../../../images/DSC_0487.JPG">
        <meta>
          <property name="Exif/DateTime" value="2016:11:02 17:10:23"/>
          <property name="Exif/DateTimeOriginal" value="2016:11:02 17:10:23"/>
          <property name="Exif/ExposureTime" value="0.0166666666666667"/>
          <property name="Exif/FNumber" value="4"/>
          <property name="Exif/FocalLength" value="18"/>
          <property name="Exif/FocalLengthIn35mmFilm" value="27"/>
          <property name="Exif/ISOSpeedRatings" value="1000"/>
          <property name="Exif/Make" value="NIKON CORPORATION"/>
          <property name="Exif/Model" value="NIKON D5100"/>
          <property name="Exif/Orientation" value="1"/>
          <property name="Exif/Software" value="Ver.1.01 "/>
          <property name="File/ImageHeight" value="3264"/>
          <property name="File/ImageWidth" value="4928"/>
          <property name="System/FileModifyDate" value="2016:11:02 17:10:24"/>
          <property name="System/FileSize" value="7072751"/>
        </meta>
      </photo>
    </camera>
    <camera camera_id="30">
      <photo path="../../../images/DSC_0488.JPG">
        <meta>
          <property name="Exif/DateTime" value="2016:11:02 17:10:25"/>
          <property name="Exif/DateTimeOriginal" value="2016:11:02 17:10:25"/>
          <property name="Exif/ExposureTime" value="0.0166666666666667"/>
          <property name="Exif/FNumber" value="4"/>
          <property name="Exif/FocalLength" value="18"/>
          <property name="Exif/FocalLengthIn35mmFilm" value="27"/>
          <property name="Exif/ISOSpeedRatings" value="1100"/>
          <property name="Exif/Make" value="NIKON CORPORATION"/>
          <property name="Exif/Model" value="NIKON D5100"/>
          <property name="Exif/Orientation" value="1"/>
          <property name="Exif/Software" value="Ver.1.01 "/>
          <property name="File/ImageHeight" value="3264"/>
          <property name="File/ImageWidth" value="4928"/>
          <property name="System/FileModifyDate" value="2016:11:02 17:10:26"/>
          <property name="System/FileSize" value="7397878"/>
        </meta>
      </photo>
    </camera>
    <camera camera_id="31">
      <photo path="../../../images/DSC_0489.JPG">
        <meta>
          <property name="Exif/DateTime" value="2016:11:02 17:10:27"/>
          <property name="Exif/DateTimeOriginal" value="2016:11:02 17:10:27"/>
          <property name="Exif/ExposureTime" value="0.0166666666666667"/>
          <property name="Exif/FNumber" value="4"/>
          <property name="Exif/FocalLength" value="18"/>
          <property name="Exif/FocalLengthIn35mmFilm" value="27"/>
          <property name="Exif/ISOSpeedRatings" value="1100"/>
          <property name="Exif/Make" value="NIKON CORPORATION"/>
          <property name="Exif/Model" value="NIKON D5100"/>
          <property name="Exif/Orientation" value="1"/>
          <property name="Exif/Software" value="Ver.1.01 "/>
          <property name="File/ImageHeight" value="3264"/>
          <property name="File/ImageWidth" value="4928"/>
          <property name="System/FileModifyDate" value="2016:11:02 17:10:28"/>
          <property name="System/FileSize" value="7287431"/>
        </meta>
      </photo>
    </camera>
    <camera camera_id="32">
      <photo path="../../../images/DSC_0490.JPG">
        <meta>
          <property name="Exif/DateTime" value="2016:11:02 17:10:33"/>
          <property name="Exif/DateTimeOriginal" value="2016:11:02 17:10:33"/>
          <property name="Exif/ExposureTime" value="0.0166666666666667"/>
          <property name="Exif/FNumber" value="4"/>
          <property name="Exif/FocalLength" value="18"/>
          <property name="Exif/FocalLengthIn35mmFilm" value="27"/>
          <property name="Exif/ISOSpeedRatings" value="1250"/>
          <property name="Exif/Make" value="NIKON CORPORATION"/>
          <property name="Exif/Model" value="NIKON D5100"/>
          <property name="Exif/Orientation" value="1"/>
          <property name="Exif/Software" value="Ver.1.01 "/>
          <property name="File/ImageHeight" value="3264"/>
          <property name="File/ImageWidth" value="4928"/>
          <property name="System/FileModifyDate" value="2016:11:02 17:10:34"/>
          <property name="System/FileSize" value="8684624"/>
        </meta>
      </photo>
    </camera>
    <camera camera_id="33">
      <photo path="../../../images/DSC_0491.JPG">
        <meta>
          <property name="Exif/DateTime" value="2016:11:02 17:10:34"/>
          <property name="Exif/DateTimeOriginal" value="2016:11:02 17:10:34"/>
          <property name="Exif/ExposureTime" value="0.0166666666666667"/>
          <property name="Exif/FNumber" value="4"/>
          <property name="Exif/FocalLength" value="18"/>
          <property name="Exif/FocalLengthIn35mmFilm" value="27"/>
          <property name="Exif/ISOSpeedRatings" value="1100"/>
          <property name="Exif/Make" value="NIKON CORPORATION"/>
          <property name="Exif/Model" value="NIKON D5100"/>
          <property name="Exif/Orientation" value="1"/>
          <property name="Exif/Software" value="Ver.1.01 "/>
          <property name="File/ImageHeight" value="3264"/>
          <property name="File/ImageWidth" value="4928"/>
          <property name="System/FileModifyDate" value="2016:11:02 17:10:34"/>
          <property name="System/FileSize" value="8149330"/>
        </meta>
      </photo>
    </camera>
    <camera camera_id="34">
      <photo path="../../../images/DSC_0492.JPG">
        <meta>
          <property name="Exif/DateTime" value="2016:11:02 17:10:39"/>
          <property name="Exif/DateTimeOriginal" value="2016:11:02 17:10:39"/>
          <property name="Exif/ExposureTime" value="0.0166666666666667"/>
          <property name="Exif/FNumber" value="4"/>
          <property name="Exif/FocalLength" value="18"/>
          <property name="Exif/FocalLengthIn35mmFilm" value="27"/>
          <property name="Exif/ISOSpeedRatings" value="1000"/>
          <property name="Exif/Make" value="NIKON CORPORATION"/>
          <property name="Exif/Model" value="NIKON D5100"/>
          <property name="Exif/Orientation" value="1"/>
          <property name="Exif/Software" value="Ver.1.01 "/>
          <property name="File/ImageHeight" value="3264"/>
          <property name="File/ImageWidth" value="4928"/>
          <property name="System/FileModifyDate" value="2016:11:02 17:10:38"/>
          <property name="System/FileSize" value="7045503"/>
        </meta>
      </photo>
    </camera>
    <camera camera_id="35">
      <photo path="../../../images/DSC_0493.JPG">
        <meta>
          <property name="Exif/DateTime" value="2016:11:02 17:10:50"/>
          <property name="Exif/DateTimeOriginal" value="2016:11:02 17:10:50"/>
          <property name="Exif/ExposureTime" value="0.0166666666666667"/>
          <property name="Exif/FNumber" value="4"/>
          <property name="Exif/FocalLength" value="18"/>
          <property name="Exif/FocalLengthIn35mmFilm" value="27"/>
          <property name="Exif/ISOSpeedRatings" value="1000"/>
          <property name="Exif/Make" value="NIKON CORPORATION"/>
          <property name="Exif/Model" value="NIKON D5100"/>
          <property name="Exif/Orientation" value="1"/>
          <property name="Exif/Software" value="Ver.1.01 "/>
          <property name="File/ImageHeight" value="3264"/>
          <property name="File/ImageWidth" value="4928"/>
          <property name="System/FileModifyDate" value="2016:11:02 17:10:50"/>
          <property name="System/FileSize" value="7254233"/>
        </meta>
      </photo>
    </camera>
  </cameras>
  <markers>
    <marker marker_id="0">
      <location camera_id="7" pinned="true" x="1660.3002" y="2189.1833"/>
      <location camera_id="8" pinned="true" x="1664.5624" y="1856.0062"/>
      <location camera_id="9" pinned="true" x="1275.7368" y="1695.3953"/>
      <location camera_id="10" pinned="true" x="1159.7667" y="1398.4493"/>
      <location camera_id="36" pinned="true" x="2985.123" y="1954.0991"/>
      <location camera_id="37" pinned="true" x="2839.3508" y="2256.6287"/>
      <location camera_id="38" pinned="true" x="2592.2502" y="2391.5886"/>
      <location camera_id="39" pinned="true" x="2188.9827" y="2387.8657"/>
      <location camera_id="40" pinned="true" x="3591.1357" y="1866.1058"/>
      <location camera_id="41" pinned="true" x="1965.1979" y="1958.2737"/>
      <location camera_id="43" pinned="true" x="1450.9167" y="1833.5634"/>
    </marker>
    <marker marker_id="10">
      <location camera_id="7" pinned="true" x="1659.326" y="2189.769"/>
      <location camera_id="8" pinned="true" x="1665.2968" y="1856.0062"/>
      <location camera_id="9" pinned="true" x="1275.0023" y="1694.6609"/>
      <location camera_id="10" pinned="true" x="1160.4557" y="1399.8273"/>
      <location camera_id="36" pinned="true" x="2984.3088" y="1953.3776"/>
      <location camera_id="37" pinned="true" x="2839.033" y="2256.9138"/>
      <location camera_id="38" pinned="true" x="2592.6521" y="2391.5303"/>
      <location camera_id="39" pinned="true" x="2188.9612" y="2388.1956"/>
      <location camera_id="40" pinned="true" x="3591.4377" y="1865.9187"/>
      <location camera_id="41" pinned="true" x="1963.8687" y="1958.3766"/>
      <location camera_id="43" pinned="true" x="1451.2905" y="1834.837"/>
    </marker>
    <marker marker_id="1">
      <location camera_id="7" pinned="true" x="2920.939" y="2170.979"/>
      <location camera_id="8" pinned="true" x="2697.9382" y="2180.0811"/>
      <location camera_id="9" pinned="true" x="2113.1289" y="2373.5007"/>
      <location camera_id="10" pinned="true" x="1623.8916" y="2225.5918"/>
      <location camera_id="36" pinned="true" x="1921.8958" y="1989.1025"/>
      <location camera_id="37" pinned="true" x="1758.2487" y="2277.8579"/>
      <location camera_id="38" pinned="true" x="1546.1295" y="2359.9441"/>
      <location camera_id="39" pinned="true" x="1215.7017" y="2215.5667"/>
      <location camera_id="40" pinned="true" x="2693.7156" y="2127.8674"/>
      <location camera_id="41" pinned="true" x="1137.53" y="1379.8943"/>
      <location camera_id="42" pinned="true" x="1056.842" y="1404.8929"/>
      <location camera_id="43" pinned="true" x="1034.6431" y="1225.5442"/>
    </marker>
    <marker marker_id="9">
      <location camera_id="7" pinned="true" x="2918.6472" y="2170.3679"/>
      <location camera_id="8" pinned="true" x="2697.8743" y="2180.9224"/>
      <location camera_id="9" pinned="true" x="2114.0886" y="2373.7263"/>
      <location camera_id="10" pinned="true" x="1623.5247" y="2224.5867"/>
      <location camera_id="36" pinned="true" x="1921.985" y="1988.9375"/>
      <location camera_id="37" pinned="true" x="1758.1475" y="2277.929"/>
      <location camera_id="38" pinned="true" x="1546.3751" y="2359.3921"/>
      <location camera_id="39" pinned="true" x="1214.9675" y="2215.5942"/>
      <location camera_id="40" pinned="true" x="2693.0413" y="2128.2888"/>
      <location camera_id="41" pinned="true" x="1137.8646" y="1379.7889"/>
      <location camera_id="42" pinned="true" x="1056.9971" y="1405.308"/>
      <location camera_id="43" pinned="true" x="1035.0944" y="1225.2506"/>
    </marker>
    <marker marker_id="2">
      <location camera_id="7" pinned="true" x="2968.7253" y="1936.6003"/>
      <location camera_id="8" pinned="true" x="2816.2654" y="1984.3862"/>
      <location camera_id="9" pinned="true" x="2330.5376" y="2174.0664"/>
      <location camera_id="10" pinned="true" x="1881.3368" y="2119.8193"/>
      <location camera_id="36" pinned="true" x="1877.4215" y="1812.4275"/>
      <location camera_id="42" pinned="true" x="1216.2607" y="1289.5944"/>
      <location camera_id="43" pinned="true" x="1238.371" y="1132.3701"/>
    </marker>
    <marker marker_id="11">
      <location camera_id="7" pinned="true" x="2968.8628" y="1936.5525"/>
      <location camera_id="8" pinned="true" x="2817.0818" y="1985.0387"/>
      <location camera_id="9" pinned="true" x="2332.5842" y="2173.0432"/>
      <location camera_id="10" pinned="true" x="1882.0682" y="2121.2825"/>
      <location camera_id="36" pinned="true" x="1878.7501" y="1811.447"/>
      <location camera_id="37" pinned="true" x="1714.9126" y="2095.8872"/>
      <location camera_id="42" pinned="true" x="1216.3459" y="1290.5083"/>
      <location camera_id="43" pinned="true" x="1238.4232" y="1132.1603"/>
    </marker>
    <marker marker_id="3">
      <location camera_id="4" pinned="true" x="1895.6865" y="1407.7755"/>
      <location camera_id="5" pinned="true" x="2117.5227" y="1703.5568"/>
      <location camera_id="6" pinned="true" x="1816.8118" y="1363.4083"/>
      <location camera_id="8" pinned="true" x="1914.6451" y="1191.8917"/>
      <location camera_id="36" pinned="true" x="2919.4714" y="1345.1025"/>
      <location camera_id="37" pinned="true" x="2776.0728" y="1642.5116"/>
      <location camera_id="39" pinned="true" x="2321.3462" y="1774.6992"/>
      <location camera_id="40" pinned="true" x="3201.6069" y="1336.7935"/>
      <location camera_id="41" pinned="true" x="2616.709" y="1480.2269"/>
      <location camera_id="42" pinned="true" x="2418.2625" y="1597.1324"/>
      <location camera_id="43" pinned="true" x="2283.3591" y="1527.8895"/>
      <location camera_id="47" pinned="true" x="2745.0164" y="2209.1821"/>
      <location camera_id="59" pinned="true" x="1312.0995" y="1519.0562"/>
      <location camera_id="60" pinned="true" x="1608.838" y="1677.8444"/>
      <location camera_id="61" pinned="true" x="1747.1184" y="1910.5214"/>
      <location camera_id="62" pinned="true" x="1888.7617" y="2241.0891"/>
      <location camera_id="63" pinned="true" x="2059.6404" y="2483.8018"/>
      <location camera_id="64" pinned="true" x="2420.8237" y="2630.2949"/>
      <location camera_id="65" pinned="true" x="2773.2078" y="2399.3674"/>
      <location camera_id="66" pinned="true" x="2590.6707" y="2230.7417"/>
      <location camera_id="67" pinned="true" x="2830.168" y="2029.5809"/>
    </marker>
    <marker marker_id="12">
      <location camera_id="4" pinned="true" x="1898.5953" y="1407.3116"/>
      <location camera_id="5" pinned="true" x="2119.9583" y="1701.1212"/>
      <location camera_id="8" pinned="true" x="1914.6451" y="1191.8917"/>
      <location camera_id="36" pinned="true" x="2918.5969" y="1343.6896"/>
      <location camera_id="37" pinned="true" x="2775.636" y="1644.4005"/>
      <location camera_id="39" pinned="true" x="2321.928" y="1775.1606"/>
      <location camera_id="40" pinned="true" x="3200.7249" y="1336.6349"/>
      <location camera_id="41" pinned="true" x="2615.3271" y="1480.4249"/>
      <location camera_id="42" pinned="true" x="2419.4785" y="1597.9176"/>
      <location camera_id="43" pinned="true" x="2284.9495" y="1529.6938"/>
      <location camera_id="47" pinned="true" x="2744.4133" y="2209.0566"/>
      <location camera_id="59" pinned="true" x="1310.98" y="1517.1274"/>
      <location camera_id="60" pinned="true" x="1608.125" y="1677.3073"/>
      <location camera_id="61" pinned="true" x="1745.0901" y="1911.7732"/>
      <location camera_id="62" pinned="true" x="1889.0198" y="2239.0969"/>
      <location camera_id="63" pinned="true" x="2058.4854" y="2485.1702"/>
      <location camera_id="64" pinned="true" x="2421.7534" y="2630.2949"/>
      <location camera_id="65" pinned="true" x="2775.0671" y="2397.5078"/>
      <location camera_id="66" pinned="true" x="2590.0967" y="2229.811"/>
      <location camera_id="67" pinned="true" x="2826.884" y="2027.8452"/>
      <location camera_id="68" pinned="true" x="3086.886" y="1990.7021"/>
    </marker>
    <marker marker_id="4">
      <location camera_id="4" pinned="true" x="3295.718" y="1612.3575"/>
      <location camera_id="5" pinned="true" x="3460.8625" y="1494.045"/>
      <location camera_id="6" pinned="true" x="3105.925" y="1368.338"/>
      <location camera_id="36" pinned="true" x="1893.8237" y="1499.0117"/>
      <location camera_id="37" pinned="true" x="1747.3481" y="1789.6888"/>
      <location camera_id="42" pinned="true" x="1541.4398" y="1155.6265"/>
      <location camera_id="43" pinned="true" x="1552.0901" y="1039.9352"/>
    </marker>
    <marker marker_id="13">
      <location camera_id="4" pinned="true" x="3295.718" y="1614.1948"/>
      <location camera_id="5" pinned="true" x="3461.7812" y="1493.1265"/>
      <location camera_id="36" pinned="true" x="1893.2219" y="1498.9747"/>
      <location camera_id="37" pinned="true" x="1747.7961" y="1789.8263"/>
      <location camera_id="42" pinned="true" x="1541.8973" y="1155.1475"/>
      <location camera_id="43" pinned="true" x="1554.8912" y="1039.9352"/>
    </marker>
    <marker marker_id="5">
      <location camera_id="4" pinned="true" x="3334.1199" y="2255.6714"/>
      <location camera_id="5" pinned="true" x="3774.7856" y="2055.9304"/>
      <location camera_id="36" pinned="true" x="1923.3911" y="2009.5389"/>
      <location camera_id="37" pinned="true" x="1764.2301" y="2312.251"/>
      <location camera_id="38" pinned="true" x="1560.5846" y="2380.8789"/>
      <location camera_id="39" pinned="true" x="1271.0295" y="2251.9536"/>
      <location camera_id="40" pinned="true" x="2642.3752" y="2181.7"/>
      <location camera_id="41" pinned="true" x="1228.5544" y="1580.6467"/>
      <location camera_id="42" pinned="true" x="1098.6135" y="1515.8679"/>
    </marker>
    <marker marker_id="14">
      <location camera_id="4" pinned="true" x="3334.1199" y="2255.6714"/>
      <location camera_id="5" pinned="true" x="3774.7856" y="2057.1772"/>
      <location camera_id="36" pinned="true" x="1923.1655" y="2008.8623"/>
      <location camera_id="37" pinned="true" x="1764.2676" y="2312.8708"/>
      <location camera_id="38" pinned="true" x="1560.4232" y="2380.8296"/>
      <location camera_id="39" pinned="true" x="1271.0715" y="2251.7771"/>
      <location camera_id="40" pinned="true" x="2641.811" y="2181.6536"/>
      <location camera_id="41" pinned="true" x="1227.9128" y="1580.2963"/>
      <location camera_id="42" pinned="true" x="1098.1194" y="1514.9674"/>
    </marker>
    <marker marker_id="6">
      <location camera_id="4" pinned="true" x="1878.2761" y="2226.8428"/>
      <location camera_id="5" pinned="true" x="2587.9578" y="2585.2871"/>
      <location camera_id="7" pinned="true" x="1634.3551" y="2090.6194"/>
      <location camera_id="8" pinned="true" x="1653.5457" y="1767.1388"/>
      <location camera_id="9" pinned="true" x="1277.2057" y="1608.7313"/>
      <location camera_id="10" pinned="true" x="1150.8102" y="1315.7747"/>
      <location camera_id="36" pinned="true" x="2970.4543" y="2008.8248"/>
      <location camera_id="37" pinned="true" x="2829.095" y="2302.9705"/>
      <location camera_id="38" pinned="true" x="2597.6421" y="2423.1101"/>
      <location camera_id="39" pinned="true" x="2190.6418" y="2434.7332"/>
      <location camera_id="40" pinned="true" x="3541.3652" y="1944.9093"/>
      <location camera_id="41" pinned="true" x="1968.5498" y="2076.7092"/>
      <location camera_id="43" pinned="true" x="1461.3037" y="1961.1748"/>
    </marker>
    <marker marker_id="15">
      <location camera_id="4" pinned="true" x="1876.676" y="2228.0662"/>
      <location camera_id="5" pinned="true" x="2587.9578" y="2583.7366"/>
      <location camera_id="7" pinned="true" x="1635.824" y="2091.3538"/>
      <location camera_id="8" pinned="true" x="1653.5457" y="1767.8733"/>
      <location camera_id="9" pinned="true" x="1276.4713" y="1607.9968"/>
      <location camera_id="10" pinned="true" x="1150.8102" y="1315.7747"/>
      <location camera_id="36" pinned="true" x="2969.9255" y="2008.8562"/>
      <location camera_id="37" pinned="true" x="2829.7471" y="2303.3425"/>
      <location camera_id="38" pinned="true" x="2597.6514" y="2422.9541"/>
      <location camera_id="39" pinned="true" x="2190.7222" y="2435.0874"/>
      <location camera_id="40" pinned="true" x="3541.4214" y="1944.8918"/>
      <location camera_id="41" pinned="true" x="1968.9072" y="2077.6235"/>
      <location camera_id="43" pinned="true" x="1459.2681" y="1958.4897"/>
    </marker>
    <marker marker_id="16">
      <location camera_id="12" pinned="true" x="2859.1772" y="1801.6802"/>
      <location camera_id="40" pinned="true" x="2290.1941" y="1606.3799"/>
      <location camera_id="41" pinned="true" x="1791.2701" y="1041.791"/>
      <location camera_id="50" pinned="true" x="1872.5457" y="1511.9935"/>
      <location camera_id="59" pinned="true" x="2187.385" y="1926.2286"/>
      <location camera_id="60" pinned="true" x="2616.8962" y="1955.9288"/>
      <location camera_id="61" pinned="true" x="2772.2515" y="2097.5762"/>
      <location camera_id="62" pinned="true" x="2932.1755" y="2273.4929"/>
      <location camera_id="63" pinned="true" x="3039.5535" y="2369.4475"/>
      <location camera_id="64" pinned="true" x="3236.178" y="2458.2991"/>
      <location camera_id="65" pinned="true" x="3447.2463" y="2128.822"/>
    </marker>
    <marker marker_id="8">
      <location camera_id="12" pinned="true" x="2859.8167" y="1801.569"/>
      <location camera_id="13" pinned="true" x="2888.5913" y="1609.6886"/>
      <location camera_id="40" pinned="true" x="2291.572" y="1605.6909"/>
      <location camera_id="41" pinned="true" x="1794.3384" y="1040.4473"/>
      <location camera_id="50" pinned="true" x="1871.8567" y="1511.9935"/>
      <location camera_id="59" pinned="true" x="2186.696" y="1926.2286"/>
      <location camera_id="60" pinned="true" x="2615.0623" y="1957.7628"/>
      <location camera_id="61" pinned="true" x="2772.2515" y="2099.4102"/>
      <location camera_id="62" pinned="true" x="2932.1753" y="2273.4929"/>
      <location camera_id="63" pinned="true" x="3039.5532" y="2369.4478"/>
      <location camera_id="64" pinned="true" x="3237.1077" y="2457.3694"/>
      <location camera_id="65" pinned="true" x="3447.2463" y="2128.822"/>
    </marker>
    <marker marker_id="7"/>
  </markers>
  <masks path="masks/masks.zip"/>
  <thumbnails path="thumbnails/thumbnails.zip"/>
  <point_cloud path="point_cloud/point_cloud.zip"/>
  <depth_maps path="depth_maps.1/depth_maps.zip"/>
  <dense_cloud path="dense_cloud.1/dense_cloud.zip"/>
  <model path="model.1/model.zip"/>
</frame>
