<?xml version="1.0" encoding="UTF-8"?>
<point_cloud version="1.2.0">
  <tracks path="tracks.ply" count="16715"/>
  <points path="points.ply" count="13139"/>
  <projections camera_id="0" path="p0.ply" count="3749"/>
  <projections camera_id="1" path="p1.ply" count="3694"/>
  <projections camera_id="2" path="p2.ply" count="3713"/>
  <projections camera_id="3" path="p3.ply" count="2891"/>
  <projections camera_id="4" path="p4.ply" count="1157"/>
  <projections camera_id="5" path="p5.ply" count="703"/>
  <projections camera_id="6" path="p6.ply" count="914"/>
  <projections camera_id="7" path="p7.ply" count="890"/>
  <projections camera_id="8" path="p8.ply" count="737"/>
  <projections camera_id="9" path="p9.ply" count="915"/>
  <projections camera_id="10" path="p10.ply" count="947"/>
  <projections camera_id="11" path="p11.ply" count="1974"/>
  <projections camera_id="12" path="p12.ply" count="2218"/>
  <projections camera_id="13" path="p13.ply" count="2147"/>
  <projections camera_id="14" path="p14.ply" count="1382"/>
  <projections camera_id="15" path="p15.ply" count="2691"/>
  <projections camera_id="16" path="p16.ply" count="2938"/>
  <projections camera_id="17" path="p17.ply" count="2670"/>
  <projections camera_id="18" path="p18.ply" count="3409"/>
  <projections camera_id="19" path="p19.ply" count="1856"/>
  <projections camera_id="20" path="p20.ply" count="2044"/>
  <projections camera_id="21" path="p21.ply" count="2170"/>
  <projections camera_id="22" path="p22.ply" count="2485"/>
  <projections camera_id="23" path="p23.ply" count="823"/>
  <projections camera_id="24" path="p24.ply" count="1588"/>
  <projections camera_id="25" path="p25.ply" count="1681"/>
  <projections camera_id="26" path="p26.ply" count="1874"/>
  <projections camera_id="27" path="p27.ply" count="1763"/>
  <projections camera_id="28" path="p28.ply" count="1398"/>
  <projections camera_id="29" path="p29.ply" count="1016"/>
  <projections camera_id="30" path="p30.ply" count="929"/>
  <projections camera_id="31" path="p31.ply" count="1953"/>
  <projections camera_id="32" path="p32.ply" count="1613"/>
  <projections camera_id="33" path="p33.ply" count="424"/>
  <meta>
    <property name="match/duration" value="112.26383"/>
    <property name="match/match_downscale" value="1"/>
    <property name="match/match_filter_mask" value="true"/>
    <property name="match/match_point_limit" value="40000"/>
    <property name="match/match_select_pairs" value="0"/>
    <property name="match/match_tiepoint_limit" value="4000"/>
  </meta>
</point_cloud>
