<?xml version="1.0" encoding="UTF-8"?>
<frame>
  <cameras>
    <camera camera_id="0">
      <photo path="../../../images/DSC_0421.JPG">
        <meta>
          <property name="Exif/DateTime" value="2016:11:02 17:06:44"/>
          <property name="Exif/DateTimeOriginal" value="2016:11:02 17:06:44"/>
          <property name="Exif/ExposureTime" value="0.0166666666666667"/>
          <property name="Exif/FNumber" value="4"/>
          <property name="Exif/FocalLength" value="18"/>
          <property name="Exif/FocalLengthIn35mmFilm" value="27"/>
          <property name="Exif/ISOSpeedRatings" value="1250"/>
          <property name="Exif/Make" value="NIKON CORPORATION"/>
          <property name="Exif/Model" value="NIKON D5100"/>
          <property name="Exif/Orientation" value="1"/>
          <property name="Exif/Software" value="Ver.1.01 "/>
          <property name="File/ImageHeight" value="3264"/>
          <property name="File/ImageWidth" value="4928"/>
          <property name="System/FileModifyDate" value="2016:11:02 17:06:44"/>
          <property name="System/FileSize" value="7615793"/>
        </meta>
      </photo>
    </camera>
    <camera camera_id="1">
      <photo path="../../../images/DSC_0422.JPG">
        <meta>
          <property name="Exif/DateTime" value="2016:11:02 17:06:49"/>
          <property name="Exif/DateTimeOriginal" value="2016:11:02 17:06:49"/>
          <property name="Exif/ExposureTime" value="0.0166666666666667"/>
          <property name="Exif/FNumber" value="4"/>
          <property name="Exif/FocalLength" value="18"/>
          <property name="Exif/FocalLengthIn35mmFilm" value="27"/>
          <property name="Exif/ISOSpeedRatings" value="1250"/>
          <property name="Exif/Make" value="NIKON CORPORATION"/>
          <property name="Exif/Model" value="NIKON D5100"/>
          <property name="Exif/Orientation" value="1"/>
          <property name="Exif/Software" value="Ver.1.01 "/>
          <property name="File/ImageHeight" value="3264"/>
          <property name="File/ImageWidth" value="4928"/>
          <property name="System/FileModifyDate" value="2016:11:02 17:06:48"/>
          <property name="System/FileSize" value="7471900"/>
        </meta>
      </photo>
    </camera>
    <camera camera_id="2">
      <photo path="../../../images/DSC_0423.JPG">
        <meta>
          <property name="Exif/DateTime" value="2016:11:02 17:06:50"/>
          <property name="Exif/DateTimeOriginal" value="2016:11:02 17:06:50"/>
          <property name="Exif/ExposureTime" value="0.0166666666666667"/>
          <property name="Exif/FNumber" value="4"/>
          <property name="Exif/FocalLength" value="18"/>
          <property name="Exif/FocalLengthIn35mmFilm" value="27"/>
          <property name="Exif/ISOSpeedRatings" value="1400"/>
          <property name="Exif/Make" value="NIKON CORPORATION"/>
          <property name="Exif/Model" value="NIKON D5100"/>
          <property name="Exif/Orientation" value="1"/>
          <property name="Exif/Software" value="Ver.1.01 "/>
          <property name="File/ImageHeight" value="3264"/>
          <property name="File/ImageWidth" value="4928"/>
          <property name="System/FileModifyDate" value="2016:11:02 17:06:50"/>
          <property name="System/FileSize" value="7419434"/>
        </meta>
      </photo>
    </camera>
    <camera camera_id="3">
      <photo path="../../../images/DSC_0424.JPG">
        <meta>
          <property name="Exif/DateTime" value="2016:11:02 17:06:52"/>
          <property name="Exif/DateTimeOriginal" value="2016:11:02 17:06:52"/>
          <property name="Exif/ExposureTime" value="0.0166666666666667"/>
          <property name="Exif/FNumber" value="4"/>
          <property name="Exif/FocalLength" value="18"/>
          <property name="Exif/FocalLengthIn35mmFilm" value="27"/>
          <property name="Exif/ISOSpeedRatings" value="1400"/>
          <property name="Exif/Make" value="NIKON CORPORATION"/>
          <property name="Exif/Model" value="NIKON D5100"/>
          <property name="Exif/Orientation" value="1"/>
          <property name="Exif/Software" value="Ver.1.01 "/>
          <property name="File/ImageHeight" value="3264"/>
          <property name="File/ImageWidth" value="4928"/>
          <property name="System/FileModifyDate" value="2016:11:02 17:06:52"/>
          <property name="System/FileSize" value="7255778"/>
        </meta>
      </photo>
    </camera>
    <camera camera_id="4">
      <photo path="../../../images/DSC_0425.JPG">
        <meta>
          <property name="Exif/DateTime" value="2016:11:02 17:06:55"/>
          <property name="Exif/DateTimeOriginal" value="2016:11:02 17:06:55"/>
          <property name="Exif/ExposureTime" value="0.0166666666666667"/>
          <property name="Exif/FNumber" value="4"/>
          <property name="Exif/FocalLength" value="18"/>
          <property name="Exif/FocalLengthIn35mmFilm" value="27"/>
          <property name="Exif/ISOSpeedRatings" value="1250"/>
          <property name="Exif/Make" value="NIKON CORPORATION"/>
          <property name="Exif/Model" value="NIKON D5100"/>
          <property name="Exif/Orientation" value="1"/>
          <property name="Exif/Software" value="Ver.1.01 "/>
          <property name="File/ImageHeight" value="3264"/>
          <property name="File/ImageWidth" value="4928"/>
          <property name="System/FileModifyDate" value="2016:11:02 17:06:54"/>
          <property name="System/FileSize" value="7057494"/>
        </meta>
      </photo>
    </camera>
    <camera camera_id="5">
      <photo path="../../../images/DSC_0426.JPG">
        <meta>
          <property name="Exif/DateTime" value="2016:11:02 17:07:01"/>
          <property name="Exif/DateTimeOriginal" value="2016:11:02 17:07:01"/>
          <property name="Exif/ExposureTime" value="0.0166666666666667"/>
          <property name="Exif/FNumber" value="4"/>
          <property name="Exif/FocalLength" value="18"/>
          <property name="Exif/FocalLengthIn35mmFilm" value="27"/>
          <property name="Exif/ISOSpeedRatings" value="1100"/>
          <property name="Exif/Make" value="NIKON CORPORATION"/>
          <property name="Exif/Model" value="NIKON D5100"/>
          <property name="Exif/Orientation" value="1"/>
          <property name="Exif/Software" value="Ver.1.01 "/>
          <property name="File/ImageHeight" value="3264"/>
          <property name="File/ImageWidth" value="4928"/>
          <property name="System/FileModifyDate" value="2016:11:02 17:07:02"/>
          <property name="System/FileSize" value="7034883"/>
        </meta>
      </photo>
    </camera>
    <camera camera_id="6">
      <photo path="../../../images/DSC_0427.JPG">
        <meta>
          <property name="Exif/DateTime" value="2016:11:02 17:07:02"/>
          <property name="Exif/DateTimeOriginal" value="2016:11:02 17:07:02"/>
          <property name="Exif/ExposureTime" value="0.0166666666666667"/>
          <property name="Exif/FNumber" value="4"/>
          <property name="Exif/FocalLength" value="18"/>
          <property name="Exif/FocalLengthIn35mmFilm" value="27"/>
          <property name="Exif/ISOSpeedRatings" value="1100"/>
          <property name="Exif/Make" value="NIKON CORPORATION"/>
          <property name="Exif/Model" value="NIKON D5100"/>
          <property name="Exif/Orientation" value="1"/>
          <property name="Exif/Software" value="Ver.1.01 "/>
          <property name="File/ImageHeight" value="3264"/>
          <property name="File/ImageWidth" value="4928"/>
          <property name="System/FileModifyDate" value="2016:11:02 17:07:02"/>
          <property name="System/FileSize" value="7095251"/>
        </meta>
      </photo>
    </camera>
    <camera camera_id="7">
      <photo path="../../../images/DSC_0428.JPG">
        <meta>
          <property name="Exif/DateTime" value="2016:11:02 17:07:04"/>
          <property name="Exif/DateTimeOriginal" value="2016:11:02 17:07:04"/>
          <property name="Exif/ExposureTime" value="0.0166666666666667"/>
          <property name="Exif/FNumber" value="4"/>
          <property name="Exif/FocalLength" value="18"/>
          <property name="Exif/FocalLengthIn35mmFilm" value="27"/>
          <property name="Exif/ISOSpeedRatings" value="1100"/>
          <property name="Exif/Make" value="NIKON CORPORATION"/>
          <property name="Exif/Model" value="NIKON D5100"/>
          <property name="Exif/Orientation" value="1"/>
          <property name="Exif/Software" value="Ver.1.01 "/>
          <property name="File/ImageHeight" value="3264"/>
          <property name="File/ImageWidth" value="4928"/>
          <property name="System/FileModifyDate" value="2016:11:02 17:07:04"/>
          <property name="System/FileSize" value="7048968"/>
        </meta>
      </photo>
    </camera>
    <camera camera_id="8">
      <photo path="../../../images/DSC_0429.JPG">
        <meta>
          <property name="Exif/DateTime" value="2016:11:02 17:07:05"/>
          <property name="Exif/DateTimeOriginal" value="2016:11:02 17:07:05"/>
          <property name="Exif/ExposureTime" value="0.0166666666666667"/>
          <property name="Exif/FNumber" value="4"/>
          <property name="Exif/FocalLength" value="18"/>
          <property name="Exif/FocalLengthIn35mmFilm" value="27"/>
          <property name="Exif/ISOSpeedRatings" value="1100"/>
          <property name="Exif/Make" value="NIKON CORPORATION"/>
          <property name="Exif/Model" value="NIKON D5100"/>
          <property name="Exif/Orientation" value="1"/>
          <property name="Exif/Software" value="Ver.1.01 "/>
          <property name="File/ImageHeight" value="3264"/>
          <property name="File/ImageWidth" value="4928"/>
          <property name="System/FileModifyDate" value="2016:11:02 17:07:06"/>
          <property name="System/FileSize" value="7022664"/>
        </meta>
      </photo>
    </camera>
    <camera camera_id="9">
      <photo path="../../../images/DSC_0430.JPG">
        <meta>
          <property name="Exif/DateTime" value="2016:11:02 17:07:06"/>
          <property name="Exif/DateTimeOriginal" value="2016:11:02 17:07:06"/>
          <property name="Exif/ExposureTime" value="0.0166666666666667"/>
          <property name="Exif/FNumber" value="4"/>
          <property name="Exif/FocalLength" value="18"/>
          <property name="Exif/FocalLengthIn35mmFilm" value="27"/>
          <property name="Exif/ISOSpeedRatings" value="1100"/>
          <property name="Exif/Make" value="NIKON CORPORATION"/>
          <property name="Exif/Model" value="NIKON D5100"/>
          <property name="Exif/Orientation" value="1"/>
          <property name="Exif/Software" value="Ver.1.01 "/>
          <property name="File/ImageHeight" value="3264"/>
          <property name="File/ImageWidth" value="4928"/>
          <property name="System/FileModifyDate" value="2016:11:02 17:07:06"/>
          <property name="System/FileSize" value="6986440"/>
        </meta>
      </photo>
    </camera>
    <camera camera_id="10">
      <photo path="../../../images/DSC_0431.JPG">
        <meta>
          <property name="Exif/DateTime" value="2016:11:02 17:07:07"/>
          <property name="Exif/DateTimeOriginal" value="2016:11:02 17:07:07"/>
          <property name="Exif/ExposureTime" value="0.0166666666666667"/>
          <property name="Exif/FNumber" value="4"/>
          <property name="Exif/FocalLength" value="18"/>
          <property name="Exif/FocalLengthIn35mmFilm" value="27"/>
          <property name="Exif/ISOSpeedRatings" value="1100"/>
          <property name="Exif/Make" value="NIKON CORPORATION"/>
          <property name="Exif/Model" value="NIKON D5100"/>
          <property name="Exif/Orientation" value="1"/>
          <property name="Exif/Software" value="Ver.1.01 "/>
          <property name="File/ImageHeight" value="3264"/>
          <property name="File/ImageWidth" value="4928"/>
          <property name="System/FileModifyDate" value="2016:11:02 17:07:08"/>
          <property name="System/FileSize" value="6995292"/>
        </meta>
      </photo>
    </camera>
    <camera camera_id="11">
      <photo path="../../../images/DSC_0432.JPG">
        <meta>
          <property name="Exif/DateTime" value="2016:11:02 17:07:13"/>
          <property name="Exif/DateTimeOriginal" value="2016:11:02 17:07:13"/>
          <property name="Exif/ExposureTime" value="0.0166666666666667"/>
          <property name="Exif/FNumber" value="4"/>
          <property name="Exif/FocalLength" value="18"/>
          <property name="Exif/FocalLengthIn35mmFilm" value="27"/>
          <property name="Exif/ISOSpeedRatings" value="1100"/>
          <property name="Exif/Make" value="NIKON CORPORATION"/>
          <property name="Exif/Model" value="NIKON D5100"/>
          <property name="Exif/Orientation" value="1"/>
          <property name="Exif/Software" value="Ver.1.01 "/>
          <property name="File/ImageHeight" value="3264"/>
          <property name="File/ImageWidth" value="4928"/>
          <property name="System/FileModifyDate" value="2016:11:02 17:07:14"/>
          <property name="System/FileSize" value="7108581"/>
        </meta>
      </photo>
    </camera>
    <camera camera_id="12">
      <photo path="../../../images/DSC_0433.JPG">
        <meta>
          <property name="Exif/DateTime" value="2016:11:02 17:07:15"/>
          <property name="Exif/DateTimeOriginal" value="2016:11:02 17:07:15"/>
          <property name="Exif/ExposureTime" value="0.0166666666666667"/>
          <property name="Exif/FNumber" value="4"/>
          <property name="Exif/FocalLength" value="18"/>
          <property name="Exif/FocalLengthIn35mmFilm" value="27"/>
          <property name="Exif/ISOSpeedRatings" value="1100"/>
          <property name="Exif/Make" value="NIKON CORPORATION"/>
          <property name="Exif/Model" value="NIKON D5100"/>
          <property name="Exif/Orientation" value="1"/>
          <property name="Exif/Software" value="Ver.1.01 "/>
          <property name="File/ImageHeight" value="3264"/>
          <property name="File/ImageWidth" value="4928"/>
          <property name="System/FileModifyDate" value="2016:11:02 17:07:14"/>
          <property name="System/FileSize" value="7127000"/>
        </meta>
      </photo>
    </camera>
    <camera camera_id="13">
      <photo path="../../../images/DSC_0434.JPG">
        <meta>
          <property name="Exif/DateTime" value="2016:11:02 17:07:16"/>
          <property name="Exif/DateTimeOriginal" value="2016:11:02 17:07:16"/>
          <property name="Exif/ExposureTime" value="0.0166666666666667"/>
          <property name="Exif/FNumber" value="4"/>
          <property name="Exif/FocalLength" value="18"/>
          <property name="Exif/FocalLengthIn35mmFilm" value="27"/>
          <property name="Exif/ISOSpeedRatings" value="1100"/>
          <property name="Exif/Make" value="NIKON CORPORATION"/>
          <property name="Exif/Model" value="NIKON D5100"/>
          <property name="Exif/Orientation" value="1"/>
          <property name="Exif/Software" value="Ver.1.01 "/>
          <property name="File/ImageHeight" value="3264"/>
          <property name="File/ImageWidth" value="4928"/>
          <property name="System/FileModifyDate" value="2016:11:02 17:07:16"/>
          <property name="System/FileSize" value="7156545"/>
        </meta>
      </photo>
    </camera>
    <camera camera_id="14">
      <photo path="../../../images/DSC_0435.JPG">
        <meta>
          <property name="Exif/DateTime" value="2016:11:02 17:07:22"/>
          <property name="Exif/DateTimeOriginal" value="2016:11:02 17:07:22"/>
          <property name="Exif/ExposureTime" value="0.0166666666666667"/>
          <property name="Exif/FNumber" value="4"/>
          <property name="Exif/FocalLength" value="18"/>
          <property name="Exif/FocalLengthIn35mmFilm" value="27"/>
          <property name="Exif/ISOSpeedRatings" value="1250"/>
          <property name="Exif/Make" value="NIKON CORPORATION"/>
          <property name="Exif/Model" value="NIKON D5100"/>
          <property name="Exif/Orientation" value="1"/>
          <property name="Exif/Software" value="Ver.1.01 "/>
          <property name="File/ImageHeight" value="3264"/>
          <property name="File/ImageWidth" value="4928"/>
          <property name="System/FileModifyDate" value="2016:11:02 17:07:22"/>
          <property name="System/FileSize" value="7158599"/>
        </meta>
      </photo>
    </camera>
    <camera camera_id="15">
      <photo path="../../../images/DSC_0436.JPG">
        <meta>
          <property name="Exif/DateTime" value="2016:11:02 17:07:26"/>
          <property name="Exif/DateTimeOriginal" value="2016:11:02 17:07:26"/>
          <property name="Exif/ExposureTime" value="0.0166666666666667"/>
          <property name="Exif/FNumber" value="4"/>
          <property name="Exif/FocalLength" value="18"/>
          <property name="Exif/FocalLengthIn35mmFilm" value="27"/>
          <property name="Exif/ISOSpeedRatings" value="1250"/>
          <property name="Exif/Make" value="NIKON CORPORATION"/>
          <property name="Exif/Model" value="NIKON D5100"/>
          <property name="Exif/Orientation" value="1"/>
          <property name="Exif/Software" value="Ver.1.01 "/>
          <property name="File/ImageHeight" value="3264"/>
          <property name="File/ImageWidth" value="4928"/>
          <property name="System/FileModifyDate" value="2016:11:02 17:07:26"/>
          <property name="System/FileSize" value="7346713"/>
        </meta>
      </photo>
    </camera>
    <camera camera_id="16">
      <photo path="../../../images/DSC_0437.JPG">
        <meta>
          <property name="Exif/DateTime" value="2016:11:02 17:07:27"/>
          <property name="Exif/DateTimeOriginal" value="2016:11:02 17:07:27"/>
          <property name="Exif/ExposureTime" value="0.0166666666666667"/>
          <property name="Exif/FNumber" value="4"/>
          <property name="Exif/FocalLength" value="18"/>
          <property name="Exif/FocalLengthIn35mmFilm" value="27"/>
          <property name="Exif/ISOSpeedRatings" value="1250"/>
          <property name="Exif/Make" value="NIKON CORPORATION"/>
          <property name="Exif/Model" value="NIKON D5100"/>
          <property name="Exif/Orientation" value="1"/>
          <property name="Exif/Software" value="Ver.1.01 "/>
          <property name="File/ImageHeight" value="3264"/>
          <property name="File/ImageWidth" value="4928"/>
          <property name="System/FileModifyDate" value="2016:11:02 17:07:28"/>
          <property name="System/FileSize" value="7549802"/>
        </meta>
      </photo>
    </camera>
    <camera camera_id="17">
      <photo path="../../../images/DSC_0438.JPG">
        <meta>
          <property name="Exif/DateTime" value="2016:11:02 17:07:29"/>
          <property name="Exif/DateTimeOriginal" value="2016:11:02 17:07:29"/>
          <property name="Exif/ExposureTime" value="0.0166666666666667"/>
          <property name="Exif/FNumber" value="4"/>
          <property name="Exif/FocalLength" value="18"/>
          <property name="Exif/FocalLengthIn35mmFilm" value="27"/>
          <property name="Exif/ISOSpeedRatings" value="1400"/>
          <property name="Exif/Make" value="NIKON CORPORATION"/>
          <property name="Exif/Model" value="NIKON D5100"/>
          <property name="Exif/Orientation" value="1"/>
          <property name="Exif/Software" value="Ver.1.01 "/>
          <property name="File/ImageHeight" value="3264"/>
          <property name="File/ImageWidth" value="4928"/>
          <property name="System/FileModifyDate" value="2016:11:02 17:07:30"/>
          <property name="System/FileSize" value="7547991"/>
        </meta>
      </photo>
    </camera>
    <camera camera_id="18">
      <photo path="../../../images/DSC_0439.JPG">
        <meta>
          <property name="Exif/DateTime" value="2016:11:02 17:07:34"/>
          <property name="Exif/DateTimeOriginal" value="2016:11:02 17:07:34"/>
          <property name="Exif/ExposureTime" value="0.0166666666666667"/>
          <property name="Exif/FNumber" value="4"/>
          <property name="Exif/FocalLength" value="18"/>
          <property name="Exif/FocalLengthIn35mmFilm" value="27"/>
          <property name="Exif/ISOSpeedRatings" value="1400"/>
          <property name="Exif/Make" value="NIKON CORPORATION"/>
          <property name="Exif/Model" value="NIKON D5100"/>
          <property name="Exif/Orientation" value="1"/>
          <property name="Exif/Software" value="Ver.1.01 "/>
          <property name="File/ImageHeight" value="3264"/>
          <property name="File/ImageWidth" value="4928"/>
          <property name="System/FileModifyDate" value="2016:11:02 17:07:34"/>
          <property name="System/FileSize" value="7427379"/>
        </meta>
      </photo>
    </camera>
    <camera camera_id="19">
      <photo path="../../../images/DSC_0440.JPG">
        <meta>
          <property name="Exif/DateTime" value="2016:11:02 17:07:40"/>
          <property name="Exif/DateTimeOriginal" value="2016:11:02 17:07:40"/>
          <property name="Exif/ExposureTime" value="0.0166666666666667"/>
          <property name="Exif/FNumber" value="4"/>
          <property name="Exif/FocalLength" value="18"/>
          <property name="Exif/FocalLengthIn35mmFilm" value="27"/>
          <property name="Exif/ISOSpeedRatings" value="1600"/>
          <property name="Exif/Make" value="NIKON CORPORATION"/>
          <property name="Exif/Model" value="NIKON D5100"/>
          <property name="Exif/Orientation" value="1"/>
          <property name="Exif/Software" value="Ver.1.01 "/>
          <property name="File/ImageHeight" value="3264"/>
          <property name="File/ImageWidth" value="4928"/>
          <property name="System/FileModifyDate" value="2016:11:02 17:07:40"/>
          <property name="System/FileSize" value="7478139"/>
        </meta>
      </photo>
    </camera>
    <camera camera_id="20">
      <photo path="../../../images/DSC_0441.JPG">
        <meta>
          <property name="Exif/DateTime" value="2016:11:02 17:07:42"/>
          <property name="Exif/DateTimeOriginal" value="2016:11:02 17:07:42"/>
          <property name="Exif/ExposureTime" value="0.0166666666666667"/>
          <property name="Exif/FNumber" value="4"/>
          <property name="Exif/FocalLength" value="18"/>
          <property name="Exif/FocalLengthIn35mmFilm" value="27"/>
          <property name="Exif/ISOSpeedRatings" value="1600"/>
          <property name="Exif/Make" value="NIKON CORPORATION"/>
          <property name="Exif/Model" value="NIKON D5100"/>
          <property name="Exif/Orientation" value="1"/>
          <property name="Exif/Software" value="Ver.1.01 "/>
          <property name="File/ImageHeight" value="3264"/>
          <property name="File/ImageWidth" value="4928"/>
          <property name="System/FileModifyDate" value="2016:11:02 17:07:42"/>
          <property name="System/FileSize" value="7657187"/>
        </meta>
      </photo>
    </camera>
    <camera camera_id="21">
      <photo path="../../../images/DSC_0442.JPG">
        <meta>
          <property name="Exif/DateTime" value="2016:11:02 17:07:49"/>
          <property name="Exif/DateTimeOriginal" value="2016:11:02 17:07:49"/>
          <property name="Exif/ExposureTime" value="0.0166666666666667"/>
          <property name="Exif/FNumber" value="4"/>
          <property name="Exif/FocalLength" value="18"/>
          <property name="Exif/FocalLengthIn35mmFilm" value="27"/>
          <property name="Exif/ISOSpeedRatings" value="1600"/>
          <property name="Exif/Make" value="NIKON CORPORATION"/>
          <property name="Exif/Model" value="NIKON D5100"/>
          <property name="Exif/Orientation" value="1"/>
          <property name="Exif/Software" value="Ver.1.01 "/>
          <property name="File/ImageHeight" value="3264"/>
          <property name="File/ImageWidth" value="4928"/>
          <property name="System/FileModifyDate" value="2016:11:02 17:07:50"/>
          <property name="System/FileSize" value="7655326"/>
        </meta>
      </photo>
    </camera>
    <camera camera_id="22">
      <photo path="../../../images/DSC_0443.JPG">
        <meta>
          <property name="Exif/DateTime" value="2016:11:02 17:07:51"/>
          <property name="Exif/DateTimeOriginal" value="2016:11:02 17:07:51"/>
          <property name="Exif/ExposureTime" value="0.0166666666666667"/>
          <property name="Exif/FNumber" value="3.8"/>
          <property name="Exif/FocalLength" value="18"/>
          <property name="Exif/FocalLengthIn35mmFilm" value="27"/>
          <property name="Exif/ISOSpeedRatings" value="1600"/>
          <property name="Exif/Make" value="NIKON CORPORATION"/>
          <property name="Exif/Model" value="NIKON D5100"/>
          <property name="Exif/Orientation" value="1"/>
          <property name="Exif/Software" value="Ver.1.01 "/>
          <property name="File/ImageHeight" value="3264"/>
          <property name="File/ImageWidth" value="4928"/>
          <property name="System/FileModifyDate" value="2016:11:02 17:07:50"/>
          <property name="System/FileSize" value="8154730"/>
        </meta>
      </photo>
    </camera>
    <camera camera_id="23">
      <photo path="../../../images/DSC_0444.JPG">
        <meta>
          <property name="Exif/DateTime" value="2016:11:02 17:07:59"/>
          <property name="Exif/DateTimeOriginal" value="2016:11:02 17:07:59"/>
          <property name="Exif/ExposureTime" value="0.0166666666666667"/>
          <property name="Exif/FNumber" value="4"/>
          <property name="Exif/FocalLength" value="18"/>
          <property name="Exif/FocalLengthIn35mmFilm" value="27"/>
          <property name="Exif/ISOSpeedRatings" value="1100"/>
          <property name="Exif/Make" value="NIKON CORPORATION"/>
          <property name="Exif/Model" value="NIKON D5100"/>
          <property name="Exif/Orientation" value="1"/>
          <property name="Exif/Software" value="Ver.1.01 "/>
          <property name="File/ImageHeight" value="3264"/>
          <property name="File/ImageWidth" value="4928"/>
          <property name="System/FileModifyDate" value="2016:11:02 17:07:58"/>
          <property name="System/FileSize" value="7195607"/>
        </meta>
      </photo>
    </camera>
    <camera camera_id="24">
      <photo path="../../../images/DSC_0445.JPG">
        <meta>
          <property name="Exif/DateTime" value="2016:11:02 17:08:00"/>
          <property name="Exif/DateTimeOriginal" value="2016:11:02 17:08:00"/>
          <property name="Exif/ExposureTime" value="0.0166666666666667"/>
          <property name="Exif/FNumber" value="4"/>
          <property name="Exif/FocalLength" value="18"/>
          <property name="Exif/FocalLengthIn35mmFilm" value="27"/>
          <property name="Exif/ISOSpeedRatings" value="1100"/>
          <property name="Exif/Make" value="NIKON CORPORATION"/>
          <property name="Exif/Model" value="NIKON D5100"/>
          <property name="Exif/Orientation" value="1"/>
          <property name="Exif/Software" value="Ver.1.01 "/>
          <property name="File/ImageHeight" value="3264"/>
          <property name="File/ImageWidth" value="4928"/>
          <property name="System/FileModifyDate" value="2016:11:02 17:08:00"/>
          <property name="System/FileSize" value="7279338"/>
        </meta>
      </photo>
    </camera>
    <camera camera_id="25">
      <photo path="../../../images/DSC_0446.JPG">
        <meta>
          <property name="Exif/DateTime" value="2016:11:02 17:08:02"/>
          <property name="Exif/DateTimeOriginal" value="2016:11:02 17:08:02"/>
          <property name="Exif/ExposureTime" value="0.0166666666666667"/>
          <property name="Exif/FNumber" value="4"/>
          <property name="Exif/FocalLength" value="18"/>
          <property name="Exif/FocalLengthIn35mmFilm" value="27"/>
          <property name="Exif/ISOSpeedRatings" value="1100"/>
          <property name="Exif/Make" value="NIKON CORPORATION"/>
          <property name="Exif/Model" value="NIKON D5100"/>
          <property name="Exif/Orientation" value="1"/>
          <property name="Exif/Software" value="Ver.1.01 "/>
          <property name="File/ImageHeight" value="3264"/>
          <property name="File/ImageWidth" value="4928"/>
          <property name="System/FileModifyDate" value="2016:11:02 17:08:02"/>
          <property name="System/FileSize" value="7190827"/>
        </meta>
      </photo>
    </camera>
    <camera camera_id="26">
      <photo path="../../../images/DSC_0447.JPG">
        <meta>
          <property name="Exif/DateTime" value="2016:11:02 17:08:04"/>
          <property name="Exif/DateTimeOriginal" value="2016:11:02 17:08:04"/>
          <property name="Exif/ExposureTime" value="0.0166666666666667"/>
          <property name="Exif/FNumber" value="4"/>
          <property name="Exif/FocalLength" value="18"/>
          <property name="Exif/FocalLengthIn35mmFilm" value="27"/>
          <property name="Exif/ISOSpeedRatings" value="1250"/>
          <property name="Exif/Make" value="NIKON CORPORATION"/>
          <property name="Exif/Model" value="NIKON D5100"/>
          <property name="Exif/Orientation" value="1"/>
          <property name="Exif/Software" value="Ver.1.01 "/>
          <property name="File/ImageHeight" value="3264"/>
          <property name="File/ImageWidth" value="4928"/>
          <property name="System/FileModifyDate" value="2016:11:02 17:08:04"/>
          <property name="System/FileSize" value="7145230"/>
        </meta>
      </photo>
    </camera>
    <camera camera_id="27">
      <photo path="../../../images/DSC_0448.JPG">
        <meta>
          <property name="Exif/DateTime" value="2016:11:02 17:08:06"/>
          <property name="Exif/DateTimeOriginal" value="2016:11:02 17:08:06"/>
          <property name="Exif/ExposureTime" value="0.0166666666666667"/>
          <property name="Exif/FNumber" value="4"/>
          <property name="Exif/FocalLength" value="18"/>
          <property name="Exif/FocalLengthIn35mmFilm" value="27"/>
          <property name="Exif/ISOSpeedRatings" value="1250"/>
          <property name="Exif/Make" value="NIKON CORPORATION"/>
          <property name="Exif/Model" value="NIKON D5100"/>
          <property name="Exif/Orientation" value="1"/>
          <property name="Exif/Software" value="Ver.1.01 "/>
          <property name="File/ImageHeight" value="3264"/>
          <property name="File/ImageWidth" value="4928"/>
          <property name="System/FileModifyDate" value="2016:11:02 17:08:08"/>
          <property name="System/FileSize" value="7265944"/>
        </meta>
      </photo>
    </camera>
    <camera camera_id="28">
      <photo path="../../../images/DSC_0449.JPG">
        <meta>
          <property name="Exif/DateTime" value="2016:11:02 17:08:07"/>
          <property name="Exif/DateTimeOriginal" value="2016:11:02 17:08:07"/>
          <property name="Exif/ExposureTime" value="0.0166666666666667"/>
          <property name="Exif/FNumber" value="4"/>
          <property name="Exif/FocalLength" value="18"/>
          <property name="Exif/FocalLengthIn35mmFilm" value="27"/>
          <property name="Exif/ISOSpeedRatings" value="1100"/>
          <property name="Exif/Make" value="NIKON CORPORATION"/>
          <property name="Exif/Model" value="NIKON D5100"/>
          <property name="Exif/Orientation" value="1"/>
          <property name="Exif/Software" value="Ver.1.01 "/>
          <property name="File/ImageHeight" value="3264"/>
          <property name="File/ImageWidth" value="4928"/>
          <property name="System/FileModifyDate" value="2016:11:02 17:08:08"/>
          <property name="System/FileSize" value="7226009"/>
        </meta>
      </photo>
    </camera>
    <camera camera_id="29">
      <photo path="../../../images/DSC_0450.JPG">
        <meta>
          <property name="Exif/DateTime" value="2016:11:02 17:08:10"/>
          <property name="Exif/DateTimeOriginal" value="2016:11:02 17:08:10"/>
          <property name="Exif/ExposureTime" value="0.0166666666666667"/>
          <property name="Exif/FNumber" value="4"/>
          <property name="Exif/FocalLength" value="18"/>
          <property name="Exif/FocalLengthIn35mmFilm" value="27"/>
          <property name="Exif/ISOSpeedRatings" value="1100"/>
          <property name="Exif/Make" value="NIKON CORPORATION"/>
          <property name="Exif/Model" value="NIKON D5100"/>
          <property name="Exif/Orientation" value="1"/>
          <property name="Exif/Software" value="Ver.1.01 "/>
          <property name="File/ImageHeight" value="3264"/>
          <property name="File/ImageWidth" value="4928"/>
          <property name="System/FileModifyDate" value="2016:11:02 17:08:10"/>
          <property name="System/FileSize" value="7199871"/>
        </meta>
      </photo>
    </camera>
    <camera camera_id="30">
      <photo path="../../../images/DSC_0451.JPG">
        <meta>
          <property name="Exif/DateTime" value="2016:11:02 17:08:15"/>
          <property name="Exif/DateTimeOriginal" value="2016:11:02 17:08:15"/>
          <property name="Exif/ExposureTime" value="0.0166666666666667"/>
          <property name="Exif/FNumber" value="4"/>
          <property name="Exif/FocalLength" value="18"/>
          <property name="Exif/FocalLengthIn35mmFilm" value="27"/>
          <property name="Exif/ISOSpeedRatings" value="1400"/>
          <property name="Exif/Make" value="NIKON CORPORATION"/>
          <property name="Exif/Model" value="NIKON D5100"/>
          <property name="Exif/Orientation" value="1"/>
          <property name="Exif/Software" value="Ver.1.01 "/>
          <property name="File/ImageHeight" value="3264"/>
          <property name="File/ImageWidth" value="4928"/>
          <property name="System/FileModifyDate" value="2016:11:02 17:08:16"/>
          <property name="System/FileSize" value="7296337"/>
        </meta>
      </photo>
    </camera>
    <camera camera_id="31">
      <photo path="../../../images/DSC_0452.JPG">
        <meta>
          <property name="Exif/DateTime" value="2016:11:02 17:08:17"/>
          <property name="Exif/DateTimeOriginal" value="2016:11:02 17:08:17"/>
          <property name="Exif/ExposureTime" value="0.0166666666666667"/>
          <property name="Exif/FNumber" value="4"/>
          <property name="Exif/FocalLength" value="18"/>
          <property name="Exif/FocalLengthIn35mmFilm" value="27"/>
          <property name="Exif/ISOSpeedRatings" value="1250"/>
          <property name="Exif/Make" value="NIKON CORPORATION"/>
          <property name="Exif/Model" value="NIKON D5100"/>
          <property name="Exif/Orientation" value="1"/>
          <property name="Exif/Software" value="Ver.1.01 "/>
          <property name="File/ImageHeight" value="3264"/>
          <property name="File/ImageWidth" value="4928"/>
          <property name="System/FileModifyDate" value="2016:11:02 17:08:18"/>
          <property name="System/FileSize" value="7270062"/>
        </meta>
      </photo>
    </camera>
    <camera camera_id="32">
      <photo path="../../../images/DSC_0453.JPG">
        <meta>
          <property name="Exif/DateTime" value="2016:11:02 17:08:19"/>
          <property name="Exif/DateTimeOriginal" value="2016:11:02 17:08:19"/>
          <property name="Exif/ExposureTime" value="0.0166666666666667"/>
          <property name="Exif/FNumber" value="4"/>
          <property name="Exif/FocalLength" value="18"/>
          <property name="Exif/FocalLengthIn35mmFilm" value="27"/>
          <property name="Exif/ISOSpeedRatings" value="1250"/>
          <property name="Exif/Make" value="NIKON CORPORATION"/>
          <property name="Exif/Model" value="NIKON D5100"/>
          <property name="Exif/Orientation" value="1"/>
          <property name="Exif/Software" value="Ver.1.01 "/>
          <property name="File/ImageHeight" value="3264"/>
          <property name="File/ImageWidth" value="4928"/>
          <property name="System/FileModifyDate" value="2016:11:02 17:08:20"/>
          <property name="System/FileSize" value="7086197"/>
        </meta>
      </photo>
    </camera>
    <camera camera_id="33">
      <photo path="../../../images/DSC_0454.JPG">
        <meta>
          <property name="Exif/DateTime" value="2016:11:02 17:08:25"/>
          <property name="Exif/DateTimeOriginal" value="2016:11:02 17:08:25"/>
          <property name="Exif/ExposureTime" value="0.0166666666666667"/>
          <property name="Exif/FNumber" value="4"/>
          <property name="Exif/FocalLength" value="18"/>
          <property name="Exif/FocalLengthIn35mmFilm" value="27"/>
          <property name="Exif/ISOSpeedRatings" value="1100"/>
          <property name="Exif/Make" value="NIKON CORPORATION"/>
          <property name="Exif/Model" value="NIKON D5100"/>
          <property name="Exif/Orientation" value="1"/>
          <property name="Exif/Software" value="Ver.1.01 "/>
          <property name="File/ImageHeight" value="3264"/>
          <property name="File/ImageWidth" value="4928"/>
          <property name="System/FileModifyDate" value="2016:11:02 17:08:26"/>
          <property name="System/FileSize" value="7113732"/>
        </meta>
      </photo>
    </camera>
  </cameras>
  <markers>
    <marker marker_id="0">
      <location camera_id="0" pinned="true" x="1921.985" y="1988.9375"/>
      <location camera_id="1" pinned="true" x="1758.1475" y="2277.929"/>
      <location camera_id="2" pinned="true" x="1546.3751" y="2359.3921"/>
      <location camera_id="3" pinned="true" x="1214.9675" y="2215.5942"/>
      <location camera_id="4" pinned="true" x="2693.0413" y="2128.2888"/>
      <location camera_id="5" pinned="true" x="1137.8646" y="1379.7889"/>
      <location camera_id="6" pinned="true" x="1056.9971" y="1405.308"/>
      <location camera_id="7" pinned="true" x="1035.0944" y="1225.2506"/>
    </marker>
    <marker marker_id="1">
      <location camera_id="0" pinned="true" x="2984.3088" y="1953.3776"/>
      <location camera_id="1" pinned="true" x="2839.033" y="2256.9138"/>
      <location camera_id="2" pinned="true" x="2592.6521" y="2391.5303"/>
      <location camera_id="3" pinned="true" x="2188.9612" y="2388.1956"/>
      <location camera_id="4" pinned="true" x="3591.4377" y="1865.9187"/>
      <location camera_id="5" pinned="true" x="1963.8687" y="1958.3766"/>
      <location camera_id="7" pinned="true" x="1451.2905" y="1834.837"/>
    </marker>
    <marker marker_id="2">
      <location camera_id="0" pinned="true" x="1878.7501" y="1811.447"/>
      <location camera_id="1" pinned="true" x="1714.9126" y="2095.8872"/>
      <location camera_id="6" pinned="true" x="1216.3459" y="1290.5083"/>
      <location camera_id="7" pinned="true" x="1238.4232" y="1132.1603"/>
    </marker>
    <marker marker_id="3">
      <location camera_id="0" pinned="true" x="2918.5969" y="1343.6896"/>
      <location camera_id="1" pinned="true" x="2775.636" y="1644.4005"/>
      <location camera_id="3" pinned="true" x="2321.928" y="1775.1606"/>
      <location camera_id="4" pinned="true" x="3200.7249" y="1336.6349"/>
      <location camera_id="5" pinned="true" x="2615.3271" y="1480.4249"/>
      <location camera_id="6" pinned="true" x="2419.4785" y="1597.9176"/>
      <location camera_id="7" pinned="true" x="2284.9495" y="1529.6938"/>
      <location camera_id="11" pinned="true" x="2744.4133" y="2209.0566"/>
      <location camera_id="23" pinned="true" x="1310.98" y="1517.1274"/>
      <location camera_id="24" pinned="true" x="1608.125" y="1677.3073"/>
      <location camera_id="25" pinned="true" x="1745.0901" y="1911.7732"/>
      <location camera_id="26" pinned="true" x="1889.0198" y="2239.0969"/>
      <location camera_id="27" pinned="true" x="2058.4854" y="2485.1702"/>
      <location camera_id="28" pinned="true" x="2425.2737" y="2638.3855"/>
      <location camera_id="30" pinned="true" x="2590.0967" y="2229.811"/>
      <location camera_id="31" pinned="true" x="2826.884" y="2027.8452"/>
      <location camera_id="32" pinned="true" x="3086.886" y="1990.7021"/>
    </marker>
    <marker marker_id="4">
      <location camera_id="0" pinned="true" x="1893.2219" y="1498.9747"/>
      <location camera_id="1" pinned="true" x="1747.7961" y="1789.8263"/>
      <location camera_id="6" pinned="true" x="1541.8973" y="1155.1475"/>
    </marker>
    <marker marker_id="5">
      <location camera_id="0" pinned="true" x="1923.1655" y="2008.8623"/>
      <location camera_id="1" pinned="true" x="1764.2676" y="2312.8708"/>
      <location camera_id="2" pinned="true" x="1560.4232" y="2380.8296"/>
      <location camera_id="3" pinned="true" x="1271.0715" y="2251.7771"/>
      <location camera_id="4" pinned="true" x="2641.811" y="2181.6536"/>
      <location camera_id="5" pinned="true" x="1227.9128" y="1580.2963"/>
      <location camera_id="6" pinned="true" x="1098.1194" y="1514.9674"/>
    </marker>
    <marker marker_id="6">
      <location camera_id="0" pinned="true" x="2969.9255" y="2008.8562"/>
      <location camera_id="1" pinned="true" x="2829.7471" y="2303.3425"/>
      <location camera_id="2" pinned="true" x="2597.6514" y="2422.9541"/>
      <location camera_id="3" pinned="true" x="2190.7222" y="2435.0874"/>
      <location camera_id="4" pinned="true" x="3541.4214" y="1944.8918"/>
      <location camera_id="5" pinned="true" x="1968.9072" y="2077.6235"/>
      <location camera_id="7" pinned="true" x="1459.2681" y="1958.4897"/>
    </marker>
    <marker marker_id="7">
      <location camera_id="4" pinned="true" x="2290.1941" y="1606.3799"/>
      <location camera_id="5" pinned="true" x="1791.2701" y="1041.791"/>
      <location camera_id="14" pinned="true" x="1872.5457" y="1511.9935"/>
      <location camera_id="23" pinned="true" x="2187.385" y="1926.2286"/>
      <location camera_id="24" pinned="true" x="2616.8962" y="1955.9288"/>
      <location camera_id="25" pinned="true" x="2772.2515" y="2097.5762"/>
      <location camera_id="26" pinned="true" x="2932.1755" y="2273.4929"/>
      <location camera_id="27" pinned="true" x="3039.5535" y="2369.4475"/>
      <location camera_id="28" pinned="true" x="3236.178" y="2458.2991"/>
      <location camera_id="29" pinned="true" x="3451.8948" y="2138.1191"/>
    </marker>
  </markers>
  <masks path="masks/masks.zip"/>
  <thumbnails path="thumbnails/thumbnails.zip"/>
  <point_cloud path="point_cloud/point_cloud.zip"/>
  <depth_maps path="depth_maps/depth_maps.zip"/>
  <dense_cloud path="dense_cloud/dense_cloud.zip"/>
</frame>
