<?xml version="1.0" encoding="UTF-8"?>
<masks version="1.2.0">
  <mask camera_id="34" path="c34.png"/>
  <mask camera_id="35" path="c35.png"/>
  <mask camera_id="36" path="c36.png"/>
  <mask camera_id="37" path="c37.png"/>
  <mask camera_id="38" path="c38.png"/>
  <mask camera_id="39" path="c39.png"/>
  <mask camera_id="40" path="c40.png"/>
  <mask camera_id="41" path="c41.png"/>
  <mask camera_id="42" path="c42.png"/>
  <mask camera_id="43" path="c43.png"/>
  <mask camera_id="44" path="c44.png"/>
  <mask camera_id="45" path="c45.png"/>
  <mask camera_id="46" path="c46.png"/>
  <mask camera_id="47" path="c47.png"/>
  <mask camera_id="48" path="c48.png"/>
  <mask camera_id="49" path="c49.png"/>
  <mask camera_id="50" path="c50.png"/>
  <mask camera_id="51" path="c51.png"/>
  <mask camera_id="52" path="c52.png"/>
  <mask camera_id="53" path="c53.png"/>
  <mask camera_id="54" path="c54.png"/>
  <mask camera_id="58" path="c58.png"/>
  <mask camera_id="59" path="c59.png"/>
  <mask camera_id="60" path="c60.png"/>
  <mask camera_id="61" path="c61.png"/>
  <mask camera_id="62" path="c62.png"/>
  <mask camera_id="63" path="c63.png"/>
  <mask camera_id="64" path="c64.png"/>
  <mask camera_id="65" path="c65.png"/>
  <mask camera_id="66" path="c66.png"/>
  <mask camera_id="67" path="c67.png"/>
  <mask camera_id="68" path="c68.png"/>
  <mask camera_id="69" path="c69.png"/>
  <mask camera_id="70" path="c70.png"/>
  <mask camera_id="71" path="c71.png"/>
  <mask camera_id="72" path="c72.png"/>
</masks>
