<?xml version="1.0" encoding="UTF-8"?>
<frame>
  <cameras>
    <camera camera_id="34">
      <photo path="../../../images/DSC_0455.JPG">
        <meta>
          <property name="Exif/DateTime" value="2016:11:02 17:08:52"/>
          <property name="Exif/DateTimeOriginal" value="2016:11:02 17:08:52"/>
          <property name="Exif/ExposureTime" value="0.0166666666666667"/>
          <property name="Exif/FNumber" value="4"/>
          <property name="Exif/FocalLength" value="18"/>
          <property name="Exif/FocalLengthIn35mmFilm" value="27"/>
          <property name="Exif/ISOSpeedRatings" value="1250"/>
          <property name="Exif/Make" value="NIKON CORPORATION"/>
          <property name="Exif/Model" value="NIKON D5100"/>
          <property name="Exif/Orientation" value="1"/>
          <property name="Exif/Software" value="Ver.1.01 "/>
          <property name="File/ImageHeight" value="3264"/>
          <property name="File/ImageWidth" value="4928"/>
          <property name="System/FileModifyDate" value="2016:11:02 17:08:52"/>
          <property name="System/FileSize" value="7214553"/>
        </meta>
      </photo>
    </camera>
    <camera camera_id="35">
      <photo path="../../../images/DSC_0456.JPG">
        <meta>
          <property name="Exif/DateTime" value="2016:11:02 17:08:53"/>
          <property name="Exif/DateTimeOriginal" value="2016:11:02 17:08:53"/>
          <property name="Exif/ExposureTime" value="0.0166666666666667"/>
          <property name="Exif/FNumber" value="4"/>
          <property name="Exif/FocalLength" value="18"/>
          <property name="Exif/FocalLengthIn35mmFilm" value="27"/>
          <property name="Exif/ISOSpeedRatings" value="1250"/>
          <property name="Exif/Make" value="NIKON CORPORATION"/>
          <property name="Exif/Model" value="NIKON D5100"/>
          <property name="Exif/Orientation" value="1"/>
          <property name="Exif/Software" value="Ver.1.01 "/>
          <property name="File/ImageHeight" value="3264"/>
          <property name="File/ImageWidth" value="4928"/>
          <property name="System/FileModifyDate" value="2016:11:02 17:08:54"/>
          <property name="System/FileSize" value="7322531"/>
        </meta>
      </photo>
    </camera>
    <camera camera_id="36">
      <photo path="../../../images/DSC_0457.JPG">
        <meta>
          <property name="Exif/DateTime" value="2016:11:02 17:08:55"/>
          <property name="Exif/DateTimeOriginal" value="2016:11:02 17:08:55"/>
          <property name="Exif/ExposureTime" value="0.0166666666666667"/>
          <property name="Exif/FNumber" value="4"/>
          <property name="Exif/FocalLength" value="18"/>
          <property name="Exif/FocalLengthIn35mmFilm" value="27"/>
          <property name="Exif/ISOSpeedRatings" value="1400"/>
          <property name="Exif/Make" value="NIKON CORPORATION"/>
          <property name="Exif/Model" value="NIKON D5100"/>
          <property name="Exif/Orientation" value="1"/>
          <property name="Exif/Software" value="Ver.1.01 "/>
          <property name="File/ImageHeight" value="3264"/>
          <property name="File/ImageWidth" value="4928"/>
          <property name="System/FileModifyDate" value="2016:11:02 17:08:56"/>
          <property name="System/FileSize" value="7250756"/>
        </meta>
      </photo>
    </camera>
    <camera camera_id="37">
      <photo path="../../../images/DSC_0458.JPG">
        <meta>
          <property name="Exif/DateTime" value="2016:11:02 17:08:56"/>
          <property name="Exif/DateTimeOriginal" value="2016:11:02 17:08:56"/>
          <property name="Exif/ExposureTime" value="0.0166666666666667"/>
          <property name="Exif/FNumber" value="4"/>
          <property name="Exif/FocalLength" value="18"/>
          <property name="Exif/FocalLengthIn35mmFilm" value="27"/>
          <property name="Exif/ISOSpeedRatings" value="1400"/>
          <property name="Exif/Make" value="NIKON CORPORATION"/>
          <property name="Exif/Model" value="NIKON D5100"/>
          <property name="Exif/Orientation" value="1"/>
          <property name="Exif/Software" value="Ver.1.01 "/>
          <property name="File/ImageHeight" value="3264"/>
          <property name="File/ImageWidth" value="4928"/>
          <property name="System/FileModifyDate" value="2016:11:02 17:08:56"/>
          <property name="System/FileSize" value="7290337"/>
        </meta>
      </photo>
    </camera>
    <camera camera_id="38">
      <photo path="../../../images/DSC_0459.JPG">
        <meta>
          <property name="Exif/DateTime" value="2016:11:02 17:09:00"/>
          <property name="Exif/DateTimeOriginal" value="2016:11:02 17:09:00"/>
          <property name="Exif/ExposureTime" value="0.0166666666666667"/>
          <property name="Exif/FNumber" value="4"/>
          <property name="Exif/FocalLength" value="18"/>
          <property name="Exif/FocalLengthIn35mmFilm" value="27"/>
          <property name="Exif/ISOSpeedRatings" value="1400"/>
          <property name="Exif/Make" value="NIKON CORPORATION"/>
          <property name="Exif/Model" value="NIKON D5100"/>
          <property name="Exif/Orientation" value="1"/>
          <property name="Exif/Software" value="Ver.1.01 "/>
          <property name="File/ImageHeight" value="3264"/>
          <property name="File/ImageWidth" value="4928"/>
          <property name="System/FileModifyDate" value="2016:11:02 17:09:00"/>
          <property name="System/FileSize" value="7445483"/>
        </meta>
      </photo>
    </camera>
    <camera camera_id="39">
      <photo path="../../../images/DSC_0460.JPG">
        <meta>
          <property name="Exif/DateTime" value="2016:11:02 17:09:02"/>
          <property name="Exif/DateTimeOriginal" value="2016:11:02 17:09:02"/>
          <property name="Exif/ExposureTime" value="0.0166666666666667"/>
          <property name="Exif/FNumber" value="4"/>
          <property name="Exif/FocalLength" value="18"/>
          <property name="Exif/FocalLengthIn35mmFilm" value="27"/>
          <property name="Exif/ISOSpeedRatings" value="1250"/>
          <property name="Exif/Make" value="NIKON CORPORATION"/>
          <property name="Exif/Model" value="NIKON D5100"/>
          <property name="Exif/Orientation" value="1"/>
          <property name="Exif/Software" value="Ver.1.01 "/>
          <property name="File/ImageHeight" value="3264"/>
          <property name="File/ImageWidth" value="4928"/>
          <property name="System/FileModifyDate" value="2016:11:02 17:09:04"/>
          <property name="System/FileSize" value="7595546"/>
        </meta>
      </photo>
    </camera>
    <camera camera_id="40">
      <photo path="../../../images/DSC_0461.JPG">
        <meta>
          <property name="Exif/DateTime" value="2016:11:02 17:09:06"/>
          <property name="Exif/DateTimeOriginal" value="2016:11:02 17:09:06"/>
          <property name="Exif/ExposureTime" value="0.0166666666666667"/>
          <property name="Exif/FNumber" value="4"/>
          <property name="Exif/FocalLength" value="18"/>
          <property name="Exif/FocalLengthIn35mmFilm" value="27"/>
          <property name="Exif/ISOSpeedRatings" value="1100"/>
          <property name="Exif/Make" value="NIKON CORPORATION"/>
          <property name="Exif/Model" value="NIKON D5100"/>
          <property name="Exif/Orientation" value="1"/>
          <property name="Exif/Software" value="Ver.1.01 "/>
          <property name="File/ImageHeight" value="3264"/>
          <property name="File/ImageWidth" value="4928"/>
          <property name="System/FileModifyDate" value="2016:11:02 17:09:06"/>
          <property name="System/FileSize" value="7850006"/>
        </meta>
      </photo>
    </camera>
    <camera camera_id="41">
      <photo path="../../../images/DSC_0462.JPG">
        <meta>
          <property name="Exif/DateTime" value="2016:11:02 17:09:07"/>
          <property name="Exif/DateTimeOriginal" value="2016:11:02 17:09:07"/>
          <property name="Exif/ExposureTime" value="0.0166666666666667"/>
          <property name="Exif/FNumber" value="4"/>
          <property name="Exif/FocalLength" value="18"/>
          <property name="Exif/FocalLengthIn35mmFilm" value="27"/>
          <property name="Exif/ISOSpeedRatings" value="1250"/>
          <property name="Exif/Make" value="NIKON CORPORATION"/>
          <property name="Exif/Model" value="NIKON D5100"/>
          <property name="Exif/Orientation" value="1"/>
          <property name="Exif/Software" value="Ver.1.01 "/>
          <property name="File/ImageHeight" value="3264"/>
          <property name="File/ImageWidth" value="4928"/>
          <property name="System/FileModifyDate" value="2016:11:02 17:09:08"/>
          <property name="System/FileSize" value="7860841"/>
        </meta>
      </photo>
    </camera>
    <camera camera_id="42">
      <photo path="../../../images/DSC_0463.JPG">
        <meta>
          <property name="Exif/DateTime" value="2016:11:02 17:09:10"/>
          <property name="Exif/DateTimeOriginal" value="2016:11:02 17:09:10"/>
          <property name="Exif/ExposureTime" value="0.0166666666666667"/>
          <property name="Exif/FNumber" value="4"/>
          <property name="Exif/FocalLength" value="18"/>
          <property name="Exif/FocalLengthIn35mmFilm" value="27"/>
          <property name="Exif/ISOSpeedRatings" value="1400"/>
          <property name="Exif/Make" value="NIKON CORPORATION"/>
          <property name="Exif/Model" value="NIKON D5100"/>
          <property name="Exif/Orientation" value="1"/>
          <property name="Exif/Software" value="Ver.1.01 "/>
          <property name="File/ImageHeight" value="3264"/>
          <property name="File/ImageWidth" value="4928"/>
          <property name="System/FileModifyDate" value="2016:11:02 17:09:10"/>
          <property name="System/FileSize" value="7573697"/>
        </meta>
      </photo>
    </camera>
    <camera camera_id="43">
      <photo path="../../../images/DSC_0464.JPG">
        <meta>
          <property name="Exif/DateTime" value="2016:11:02 17:09:12"/>
          <property name="Exif/DateTimeOriginal" value="2016:11:02 17:09:12"/>
          <property name="Exif/ExposureTime" value="0.0166666666666667"/>
          <property name="Exif/FNumber" value="4"/>
          <property name="Exif/FocalLength" value="18"/>
          <property name="Exif/FocalLengthIn35mmFilm" value="27"/>
          <property name="Exif/ISOSpeedRatings" value="1600"/>
          <property name="Exif/Make" value="NIKON CORPORATION"/>
          <property name="Exif/Model" value="NIKON D5100"/>
          <property name="Exif/Orientation" value="1"/>
          <property name="Exif/Software" value="Ver.1.01 "/>
          <property name="File/ImageHeight" value="3264"/>
          <property name="File/ImageWidth" value="4928"/>
          <property name="System/FileModifyDate" value="2016:11:02 17:09:12"/>
          <property name="System/FileSize" value="7623892"/>
        </meta>
      </photo>
    </camera>
    <camera camera_id="44">
      <photo path="../../../images/DSC_0465.JPG">
        <meta>
          <property name="Exif/DateTime" value="2016:11:02 17:09:13"/>
          <property name="Exif/DateTimeOriginal" value="2016:11:02 17:09:13"/>
          <property name="Exif/ExposureTime" value="0.0166666666666667"/>
          <property name="Exif/FNumber" value="4"/>
          <property name="Exif/FocalLength" value="18"/>
          <property name="Exif/FocalLengthIn35mmFilm" value="27"/>
          <property name="Exif/ISOSpeedRatings" value="1400"/>
          <property name="Exif/Make" value="NIKON CORPORATION"/>
          <property name="Exif/Model" value="NIKON D5100"/>
          <property name="Exif/Orientation" value="1"/>
          <property name="Exif/Software" value="Ver.1.01 "/>
          <property name="File/ImageHeight" value="3264"/>
          <property name="File/ImageWidth" value="4928"/>
          <property name="System/FileModifyDate" value="2016:11:02 17:09:14"/>
          <property name="System/FileSize" value="7429006"/>
        </meta>
      </photo>
    </camera>
    <camera camera_id="45">
      <photo path="../../../images/DSC_0466.JPG">
        <meta>
          <property name="Exif/DateTime" value="2016:11:02 17:09:15"/>
          <property name="Exif/DateTimeOriginal" value="2016:11:02 17:09:15"/>
          <property name="Exif/ExposureTime" value="0.0166666666666667"/>
          <property name="Exif/FNumber" value="4"/>
          <property name="Exif/FocalLength" value="18"/>
          <property name="Exif/FocalLengthIn35mmFilm" value="27"/>
          <property name="Exif/ISOSpeedRatings" value="1100"/>
          <property name="Exif/Make" value="NIKON CORPORATION"/>
          <property name="Exif/Model" value="NIKON D5100"/>
          <property name="Exif/Orientation" value="1"/>
          <property name="Exif/Software" value="Ver.1.01 "/>
          <property name="File/ImageHeight" value="3264"/>
          <property name="File/ImageWidth" value="4928"/>
          <property name="System/FileModifyDate" value="2016:11:02 17:09:16"/>
          <property name="System/FileSize" value="7030068"/>
        </meta>
      </photo>
    </camera>
    <camera camera_id="46">
      <photo path="../../../images/DSC_0467.JPG">
        <meta>
          <property name="Exif/DateTime" value="2016:11:02 17:09:18"/>
          <property name="Exif/DateTimeOriginal" value="2016:11:02 17:09:18"/>
          <property name="Exif/ExposureTime" value="0.0166666666666667"/>
          <property name="Exif/FNumber" value="4"/>
          <property name="Exif/FocalLength" value="18"/>
          <property name="Exif/FocalLengthIn35mmFilm" value="27"/>
          <property name="Exif/ISOSpeedRatings" value="1100"/>
          <property name="Exif/Make" value="NIKON CORPORATION"/>
          <property name="Exif/Model" value="NIKON D5100"/>
          <property name="Exif/Orientation" value="1"/>
          <property name="Exif/Software" value="Ver.1.01 "/>
          <property name="File/ImageHeight" value="3264"/>
          <property name="File/ImageWidth" value="4928"/>
          <property name="System/FileModifyDate" value="2016:11:02 17:09:18"/>
          <property name="System/FileSize" value="6918524"/>
        </meta>
      </photo>
    </camera>
    <camera camera_id="47">
      <photo path="../../../images/DSC_0468.JPG">
        <meta>
          <property name="Exif/DateTime" value="2016:11:02 17:09:19"/>
          <property name="Exif/DateTimeOriginal" value="2016:11:02 17:09:19"/>
          <property name="Exif/ExposureTime" value="0.0166666666666667"/>
          <property name="Exif/FNumber" value="4"/>
          <property name="Exif/FocalLength" value="18"/>
          <property name="Exif/FocalLengthIn35mmFilm" value="27"/>
          <property name="Exif/ISOSpeedRatings" value="1100"/>
          <property name="Exif/Make" value="NIKON CORPORATION"/>
          <property name="Exif/Model" value="NIKON D5100"/>
          <property name="Exif/Orientation" value="1"/>
          <property name="Exif/Software" value="Ver.1.01 "/>
          <property name="File/ImageHeight" value="3264"/>
          <property name="File/ImageWidth" value="4928"/>
          <property name="System/FileModifyDate" value="2016:11:02 17:09:20"/>
          <property name="System/FileSize" value="7264873"/>
        </meta>
      </photo>
    </camera>
    <camera camera_id="48">
      <photo path="../../../images/DSC_0469.JPG">
        <meta>
          <property name="Exif/DateTime" value="2016:11:02 17:09:22"/>
          <property name="Exif/DateTimeOriginal" value="2016:11:02 17:09:22"/>
          <property name="Exif/ExposureTime" value="0.0166666666666667"/>
          <property name="Exif/FNumber" value="4"/>
          <property name="Exif/FocalLength" value="18"/>
          <property name="Exif/FocalLengthIn35mmFilm" value="27"/>
          <property name="Exif/ISOSpeedRatings" value="1100"/>
          <property name="Exif/Make" value="NIKON CORPORATION"/>
          <property name="Exif/Model" value="NIKON D5100"/>
          <property name="Exif/Orientation" value="1"/>
          <property name="Exif/Software" value="Ver.1.01 "/>
          <property name="File/ImageHeight" value="3264"/>
          <property name="File/ImageWidth" value="4928"/>
          <property name="System/FileModifyDate" value="2016:11:02 17:09:22"/>
          <property name="System/FileSize" value="6965171"/>
        </meta>
      </photo>
    </camera>
    <camera camera_id="49">
      <photo path="../../../images/DSC_0470.JPG">
        <meta>
          <property name="Exif/DateTime" value="2016:11:02 17:09:23"/>
          <property name="Exif/DateTimeOriginal" value="2016:11:02 17:09:23"/>
          <property name="Exif/ExposureTime" value="0.0166666666666667"/>
          <property name="Exif/FNumber" value="4"/>
          <property name="Exif/FocalLength" value="18"/>
          <property name="Exif/FocalLengthIn35mmFilm" value="27"/>
          <property name="Exif/ISOSpeedRatings" value="1000"/>
          <property name="Exif/Make" value="NIKON CORPORATION"/>
          <property name="Exif/Model" value="NIKON D5100"/>
          <property name="Exif/Orientation" value="1"/>
          <property name="Exif/Software" value="Ver.1.01 "/>
          <property name="File/ImageHeight" value="3264"/>
          <property name="File/ImageWidth" value="4928"/>
          <property name="System/FileModifyDate" value="2016:11:02 17:09:24"/>
          <property name="System/FileSize" value="6944613"/>
        </meta>
      </photo>
    </camera>
    <camera camera_id="50">
      <photo path="../../../images/DSC_0471.JPG">
        <meta>
          <property name="Exif/DateTime" value="2016:11:02 17:09:27"/>
          <property name="Exif/DateTimeOriginal" value="2016:11:02 17:09:27"/>
          <property name="Exif/ExposureTime" value="0.0166666666666667"/>
          <property name="Exif/FNumber" value="4"/>
          <property name="Exif/FocalLength" value="18"/>
          <property name="Exif/FocalLengthIn35mmFilm" value="27"/>
          <property name="Exif/ISOSpeedRatings" value="1000"/>
          <property name="Exif/Make" value="NIKON CORPORATION"/>
          <property name="Exif/Model" value="NIKON D5100"/>
          <property name="Exif/Orientation" value="1"/>
          <property name="Exif/Software" value="Ver.1.01 "/>
          <property name="File/ImageHeight" value="3264"/>
          <property name="File/ImageWidth" value="4928"/>
          <property name="System/FileModifyDate" value="2016:11:02 17:09:28"/>
          <property name="System/FileSize" value="6733182"/>
        </meta>
      </photo>
    </camera>
    <camera camera_id="51">
      <photo path="../../../images/DSC_0472.JPG">
        <meta>
          <property name="Exif/DateTime" value="2016:11:02 17:09:28"/>
          <property name="Exif/DateTimeOriginal" value="2016:11:02 17:09:28"/>
          <property name="Exif/ExposureTime" value="0.0166666666666667"/>
          <property name="Exif/FNumber" value="4"/>
          <property name="Exif/FocalLength" value="18"/>
          <property name="Exif/FocalLengthIn35mmFilm" value="27"/>
          <property name="Exif/ISOSpeedRatings" value="1000"/>
          <property name="Exif/Make" value="NIKON CORPORATION"/>
          <property name="Exif/Model" value="NIKON D5100"/>
          <property name="Exif/Orientation" value="1"/>
          <property name="Exif/Software" value="Ver.1.01 "/>
          <property name="File/ImageHeight" value="3264"/>
          <property name="File/ImageWidth" value="4928"/>
          <property name="System/FileModifyDate" value="2016:11:02 17:09:28"/>
          <property name="System/FileSize" value="6832055"/>
        </meta>
      </photo>
    </camera>
    <camera camera_id="52">
      <photo path="../../../images/DSC_0473.JPG">
        <meta>
          <property name="Exif/DateTime" value="2016:11:02 17:09:43"/>
          <property name="Exif/DateTimeOriginal" value="2016:11:02 17:09:43"/>
          <property name="Exif/ExposureTime" value="0.0166666666666667"/>
          <property name="Exif/FNumber" value="4"/>
          <property name="Exif/FocalLength" value="18"/>
          <property name="Exif/FocalLengthIn35mmFilm" value="27"/>
          <property name="Exif/ISOSpeedRatings" value="1100"/>
          <property name="Exif/Make" value="NIKON CORPORATION"/>
          <property name="Exif/Model" value="NIKON D5100"/>
          <property name="Exif/Orientation" value="1"/>
          <property name="Exif/Software" value="Ver.1.01 "/>
          <property name="File/ImageHeight" value="3264"/>
          <property name="File/ImageWidth" value="4928"/>
          <property name="System/FileModifyDate" value="2016:11:02 17:09:44"/>
          <property name="System/FileSize" value="7387332"/>
        </meta>
      </photo>
    </camera>
    <camera camera_id="53">
      <photo path="../../../images/DSC_0474.JPG">
        <meta>
          <property name="Exif/DateTime" value="2016:11:02 17:09:44"/>
          <property name="Exif/DateTimeOriginal" value="2016:11:02 17:09:44"/>
          <property name="Exif/ExposureTime" value="0.0166666666666667"/>
          <property name="Exif/FNumber" value="4"/>
          <property name="Exif/FocalLength" value="18"/>
          <property name="Exif/FocalLengthIn35mmFilm" value="27"/>
          <property name="Exif/ISOSpeedRatings" value="1100"/>
          <property name="Exif/Make" value="NIKON CORPORATION"/>
          <property name="Exif/Model" value="NIKON D5100"/>
          <property name="Exif/Orientation" value="1"/>
          <property name="Exif/Software" value="Ver.1.01 "/>
          <property name="File/ImageHeight" value="3264"/>
          <property name="File/ImageWidth" value="4928"/>
          <property name="System/FileModifyDate" value="2016:11:02 17:09:44"/>
          <property name="System/FileSize" value="7374238"/>
        </meta>
      </photo>
    </camera>
    <camera camera_id="54">
      <photo path="../../../images/DSC_0475.JPG">
        <meta>
          <property name="Exif/DateTime" value="2016:11:02 17:09:45"/>
          <property name="Exif/DateTimeOriginal" value="2016:11:02 17:09:45"/>
          <property name="Exif/ExposureTime" value="0.0166666666666667"/>
          <property name="Exif/FNumber" value="4"/>
          <property name="Exif/FocalLength" value="18"/>
          <property name="Exif/FocalLengthIn35mmFilm" value="27"/>
          <property name="Exif/ISOSpeedRatings" value="1100"/>
          <property name="Exif/Make" value="NIKON CORPORATION"/>
          <property name="Exif/Model" value="NIKON D5100"/>
          <property name="Exif/Orientation" value="1"/>
          <property name="Exif/Software" value="Ver.1.01 "/>
          <property name="File/ImageHeight" value="3264"/>
          <property name="File/ImageWidth" value="4928"/>
          <property name="System/FileModifyDate" value="2016:11:02 17:09:46"/>
          <property name="System/FileSize" value="7373760"/>
        </meta>
      </photo>
    </camera>
    <camera camera_id="58">
      <photo path="../../../images/DSC_0479.JPG">
        <meta>
          <property name="Exif/DateTime" value="2016:11:02 17:10:01"/>
          <property name="Exif/DateTimeOriginal" value="2016:11:02 17:10:01"/>
          <property name="Exif/ExposureTime" value="0.0166666666666667"/>
          <property name="Exif/FNumber" value="4"/>
          <property name="Exif/FocalLength" value="18"/>
          <property name="Exif/FocalLengthIn35mmFilm" value="27"/>
          <property name="Exif/ISOSpeedRatings" value="1250"/>
          <property name="Exif/Make" value="NIKON CORPORATION"/>
          <property name="Exif/Model" value="NIKON D5100"/>
          <property name="Exif/Orientation" value="1"/>
          <property name="Exif/Software" value="Ver.1.01 "/>
          <property name="File/ImageHeight" value="3264"/>
          <property name="File/ImageWidth" value="4928"/>
          <property name="System/FileModifyDate" value="2016:11:02 17:10:02"/>
          <property name="System/FileSize" value="7598445"/>
        </meta>
      </photo>
    </camera>
    <camera camera_id="59">
      <photo path="../../../images/DSC_0480.JPG">
        <meta>
          <property name="Exif/DateTime" value="2016:11:02 17:10:03"/>
          <property name="Exif/DateTimeOriginal" value="2016:11:02 17:10:03"/>
          <property name="Exif/ExposureTime" value="0.0166666666666667"/>
          <property name="Exif/FNumber" value="4"/>
          <property name="Exif/FocalLength" value="18"/>
          <property name="Exif/FocalLengthIn35mmFilm" value="27"/>
          <property name="Exif/ISOSpeedRatings" value="1100"/>
          <property name="Exif/Make" value="NIKON CORPORATION"/>
          <property name="Exif/Model" value="NIKON D5100"/>
          <property name="Exif/Orientation" value="1"/>
          <property name="Exif/Software" value="Ver.1.01 "/>
          <property name="File/ImageHeight" value="3264"/>
          <property name="File/ImageWidth" value="4928"/>
          <property name="System/FileModifyDate" value="2016:11:02 17:10:04"/>
          <property name="System/FileSize" value="7720668"/>
        </meta>
      </photo>
    </camera>
    <camera camera_id="60">
      <photo path="../../../images/DSC_0481.JPG">
        <meta>
          <property name="Exif/DateTime" value="2016:11:02 17:10:04"/>
          <property name="Exif/DateTimeOriginal" value="2016:11:02 17:10:04"/>
          <property name="Exif/ExposureTime" value="0.0166666666666667"/>
          <property name="Exif/FNumber" value="4"/>
          <property name="Exif/FocalLength" value="18"/>
          <property name="Exif/FocalLengthIn35mmFilm" value="27"/>
          <property name="Exif/ISOSpeedRatings" value="1100"/>
          <property name="Exif/Make" value="NIKON CORPORATION"/>
          <property name="Exif/Model" value="NIKON D5100"/>
          <property name="Exif/Orientation" value="1"/>
          <property name="Exif/Software" value="Ver.1.01 "/>
          <property name="File/ImageHeight" value="3264"/>
          <property name="File/ImageWidth" value="4928"/>
          <property name="System/FileModifyDate" value="2016:11:02 17:10:04"/>
          <property name="System/FileSize" value="7853383"/>
        </meta>
      </photo>
    </camera>
    <camera camera_id="61">
      <photo path="../../../images/DSC_0482.JPG">
        <meta>
          <property name="Exif/DateTime" value="2016:11:02 17:10:08"/>
          <property name="Exif/DateTimeOriginal" value="2016:11:02 17:10:08"/>
          <property name="Exif/ExposureTime" value="0.0166666666666667"/>
          <property name="Exif/FNumber" value="4"/>
          <property name="Exif/FocalLength" value="18"/>
          <property name="Exif/FocalLengthIn35mmFilm" value="27"/>
          <property name="Exif/ISOSpeedRatings" value="1400"/>
          <property name="Exif/Make" value="NIKON CORPORATION"/>
          <property name="Exif/Model" value="NIKON D5100"/>
          <property name="Exif/Orientation" value="1"/>
          <property name="Exif/Software" value="Ver.1.01 "/>
          <property name="File/ImageHeight" value="3264"/>
          <property name="File/ImageWidth" value="4928"/>
          <property name="System/FileModifyDate" value="2016:11:02 17:10:08"/>
          <property name="System/FileSize" value="8031828"/>
        </meta>
      </photo>
    </camera>
    <camera camera_id="62">
      <photo path="../../../images/DSC_0483.JPG">
        <meta>
          <property name="Exif/DateTime" value="2016:11:02 17:10:09"/>
          <property name="Exif/DateTimeOriginal" value="2016:11:02 17:10:09"/>
          <property name="Exif/ExposureTime" value="0.0166666666666667"/>
          <property name="Exif/FNumber" value="4"/>
          <property name="Exif/FocalLength" value="18"/>
          <property name="Exif/FocalLengthIn35mmFilm" value="27"/>
          <property name="Exif/ISOSpeedRatings" value="1400"/>
          <property name="Exif/Make" value="NIKON CORPORATION"/>
          <property name="Exif/Model" value="NIKON D5100"/>
          <property name="Exif/Orientation" value="1"/>
          <property name="Exif/Software" value="Ver.1.01 "/>
          <property name="File/ImageHeight" value="3264"/>
          <property name="File/ImageWidth" value="4928"/>
          <property name="System/FileModifyDate" value="2016:11:02 17:10:10"/>
          <property name="System/FileSize" value="7651584"/>
        </meta>
      </photo>
    </camera>
    <camera camera_id="63">
      <photo path="../../../images/DSC_0484.JPG">
        <meta>
          <property name="Exif/DateTime" value="2016:11:02 17:10:10"/>
          <property name="Exif/DateTimeOriginal" value="2016:11:02 17:10:10"/>
          <property name="Exif/ExposureTime" value="0.0166666666666667"/>
          <property name="Exif/FNumber" value="4"/>
          <property name="Exif/FocalLength" value="18"/>
          <property name="Exif/FocalLengthIn35mmFilm" value="27"/>
          <property name="Exif/ISOSpeedRatings" value="1400"/>
          <property name="Exif/Make" value="NIKON CORPORATION"/>
          <property name="Exif/Model" value="NIKON D5100"/>
          <property name="Exif/Orientation" value="8"/>
          <property name="Exif/Software" value="Ver.1.01 "/>
          <property name="File/ImageHeight" value="3264"/>
          <property name="File/ImageWidth" value="4928"/>
          <property name="System/FileModifyDate" value="2016:11:02 17:10:10"/>
          <property name="System/FileSize" value="7547821"/>
        </meta>
      </photo>
    </camera>
    <camera camera_id="64">
      <photo path="../../../images/DSC_0485.JPG">
        <meta>
          <property name="Exif/DateTime" value="2016:11:02 17:10:20"/>
          <property name="Exif/DateTimeOriginal" value="2016:11:02 17:10:20"/>
          <property name="Exif/ExposureTime" value="0.0166666666666667"/>
          <property name="Exif/FNumber" value="4"/>
          <property name="Exif/FocalLength" value="18"/>
          <property name="Exif/FocalLengthIn35mmFilm" value="27"/>
          <property name="Exif/ISOSpeedRatings" value="1000"/>
          <property name="Exif/Make" value="NIKON CORPORATION"/>
          <property name="Exif/Model" value="NIKON D5100"/>
          <property name="Exif/Orientation" value="1"/>
          <property name="Exif/Software" value="Ver.1.01 "/>
          <property name="File/ImageHeight" value="3264"/>
          <property name="File/ImageWidth" value="4928"/>
          <property name="System/FileModifyDate" value="2016:11:02 17:10:20"/>
          <property name="System/FileSize" value="7269999"/>
        </meta>
      </photo>
    </camera>
    <camera camera_id="65">
      <photo path="../../../images/DSC_0486.JPG">
        <meta>
          <property name="Exif/DateTime" value="2016:11:02 17:10:21"/>
          <property name="Exif/DateTimeOriginal" value="2016:11:02 17:10:21"/>
          <property name="Exif/ExposureTime" value="0.0166666666666667"/>
          <property name="Exif/FNumber" value="4"/>
          <property name="Exif/FocalLength" value="18"/>
          <property name="Exif/FocalLengthIn35mmFilm" value="27"/>
          <property name="Exif/ISOSpeedRatings" value="900"/>
          <property name="Exif/Make" value="NIKON CORPORATION"/>
          <property name="Exif/Model" value="NIKON D5100"/>
          <property name="Exif/Orientation" value="1"/>
          <property name="Exif/Software" value="Ver.1.01 "/>
          <property name="File/ImageHeight" value="3264"/>
          <property name="File/ImageWidth" value="4928"/>
          <property name="System/FileModifyDate" value="2016:11:02 17:10:22"/>
          <property name="System/FileSize" value="7138301"/>
        </meta>
      </photo>
    </camera>
    <camera camera_id="66">
      <photo path="../../../images/DSC_0487.JPG">
        <meta>
          <property name="Exif/DateTime" value="2016:11:02 17:10:23"/>
          <property name="Exif/DateTimeOriginal" value="2016:11:02 17:10:23"/>
          <property name="Exif/ExposureTime" value="0.0166666666666667"/>
          <property name="Exif/FNumber" value="4"/>
          <property name="Exif/FocalLength" value="18"/>
          <property name="Exif/FocalLengthIn35mmFilm" value="27"/>
          <property name="Exif/ISOSpeedRatings" value="1000"/>
          <property name="Exif/Make" value="NIKON CORPORATION"/>
          <property name="Exif/Model" value="NIKON D5100"/>
          <property name="Exif/Orientation" value="1"/>
          <property name="Exif/Software" value="Ver.1.01 "/>
          <property name="File/ImageHeight" value="3264"/>
          <property name="File/ImageWidth" value="4928"/>
          <property name="System/FileModifyDate" value="2016:11:02 17:10:24"/>
          <property name="System/FileSize" value="7072751"/>
        </meta>
      </photo>
    </camera>
    <camera camera_id="67">
      <photo path="../../../images/DSC_0488.JPG">
        <meta>
          <property name="Exif/DateTime" value="2016:11:02 17:10:25"/>
          <property name="Exif/DateTimeOriginal" value="2016:11:02 17:10:25"/>
          <property name="Exif/ExposureTime" value="0.0166666666666667"/>
          <property name="Exif/FNumber" value="4"/>
          <property name="Exif/FocalLength" value="18"/>
          <property name="Exif/FocalLengthIn35mmFilm" value="27"/>
          <property name="Exif/ISOSpeedRatings" value="1100"/>
          <property name="Exif/Make" value="NIKON CORPORATION"/>
          <property name="Exif/Model" value="NIKON D5100"/>
          <property name="Exif/Orientation" value="1"/>
          <property name="Exif/Software" value="Ver.1.01 "/>
          <property name="File/ImageHeight" value="3264"/>
          <property name="File/ImageWidth" value="4928"/>
          <property name="System/FileModifyDate" value="2016:11:02 17:10:26"/>
          <property name="System/FileSize" value="7397878"/>
        </meta>
      </photo>
    </camera>
    <camera camera_id="68">
      <photo path="../../../images/DSC_0489.JPG">
        <meta>
          <property name="Exif/DateTime" value="2016:11:02 17:10:27"/>
          <property name="Exif/DateTimeOriginal" value="2016:11:02 17:10:27"/>
          <property name="Exif/ExposureTime" value="0.0166666666666667"/>
          <property name="Exif/FNumber" value="4"/>
          <property name="Exif/FocalLength" value="18"/>
          <property name="Exif/FocalLengthIn35mmFilm" value="27"/>
          <property name="Exif/ISOSpeedRatings" value="1100"/>
          <property name="Exif/Make" value="NIKON CORPORATION"/>
          <property name="Exif/Model" value="NIKON D5100"/>
          <property name="Exif/Orientation" value="1"/>
          <property name="Exif/Software" value="Ver.1.01 "/>
          <property name="File/ImageHeight" value="3264"/>
          <property name="File/ImageWidth" value="4928"/>
          <property name="System/FileModifyDate" value="2016:11:02 17:10:28"/>
          <property name="System/FileSize" value="7287431"/>
        </meta>
      </photo>
    </camera>
    <camera camera_id="69">
      <photo path="../../../images/DSC_0490.JPG">
        <meta>
          <property name="Exif/DateTime" value="2016:11:02 17:10:33"/>
          <property name="Exif/DateTimeOriginal" value="2016:11:02 17:10:33"/>
          <property name="Exif/ExposureTime" value="0.0166666666666667"/>
          <property name="Exif/FNumber" value="4"/>
          <property name="Exif/FocalLength" value="18"/>
          <property name="Exif/FocalLengthIn35mmFilm" value="27"/>
          <property name="Exif/ISOSpeedRatings" value="1250"/>
          <property name="Exif/Make" value="NIKON CORPORATION"/>
          <property name="Exif/Model" value="NIKON D5100"/>
          <property name="Exif/Orientation" value="1"/>
          <property name="Exif/Software" value="Ver.1.01 "/>
          <property name="File/ImageHeight" value="3264"/>
          <property name="File/ImageWidth" value="4928"/>
          <property name="System/FileModifyDate" value="2016:11:02 17:10:34"/>
          <property name="System/FileSize" value="8684624"/>
        </meta>
      </photo>
    </camera>
    <camera camera_id="70">
      <photo path="../../../images/DSC_0491.JPG">
        <meta>
          <property name="Exif/DateTime" value="2016:11:02 17:10:34"/>
          <property name="Exif/DateTimeOriginal" value="2016:11:02 17:10:34"/>
          <property name="Exif/ExposureTime" value="0.0166666666666667"/>
          <property name="Exif/FNumber" value="4"/>
          <property name="Exif/FocalLength" value="18"/>
          <property name="Exif/FocalLengthIn35mmFilm" value="27"/>
          <property name="Exif/ISOSpeedRatings" value="1100"/>
          <property name="Exif/Make" value="NIKON CORPORATION"/>
          <property name="Exif/Model" value="NIKON D5100"/>
          <property name="Exif/Orientation" value="1"/>
          <property name="Exif/Software" value="Ver.1.01 "/>
          <property name="File/ImageHeight" value="3264"/>
          <property name="File/ImageWidth" value="4928"/>
          <property name="System/FileModifyDate" value="2016:11:02 17:10:34"/>
          <property name="System/FileSize" value="8149330"/>
        </meta>
      </photo>
    </camera>
    <camera camera_id="71">
      <photo path="../../../images/DSC_0492.JPG">
        <meta>
          <property name="Exif/DateTime" value="2016:11:02 17:10:39"/>
          <property name="Exif/DateTimeOriginal" value="2016:11:02 17:10:39"/>
          <property name="Exif/ExposureTime" value="0.0166666666666667"/>
          <property name="Exif/FNumber" value="4"/>
          <property name="Exif/FocalLength" value="18"/>
          <property name="Exif/FocalLengthIn35mmFilm" value="27"/>
          <property name="Exif/ISOSpeedRatings" value="1000"/>
          <property name="Exif/Make" value="NIKON CORPORATION"/>
          <property name="Exif/Model" value="NIKON D5100"/>
          <property name="Exif/Orientation" value="1"/>
          <property name="Exif/Software" value="Ver.1.01 "/>
          <property name="File/ImageHeight" value="3264"/>
          <property name="File/ImageWidth" value="4928"/>
          <property name="System/FileModifyDate" value="2016:11:02 17:10:38"/>
          <property name="System/FileSize" value="7045503"/>
        </meta>
      </photo>
    </camera>
    <camera camera_id="72">
      <photo path="../../../images/DSC_0493.JPG">
        <meta>
          <property name="Exif/DateTime" value="2016:11:02 17:10:50"/>
          <property name="Exif/DateTimeOriginal" value="2016:11:02 17:10:50"/>
          <property name="Exif/ExposureTime" value="0.0166666666666667"/>
          <property name="Exif/FNumber" value="4"/>
          <property name="Exif/FocalLength" value="18"/>
          <property name="Exif/FocalLengthIn35mmFilm" value="27"/>
          <property name="Exif/ISOSpeedRatings" value="1000"/>
          <property name="Exif/Make" value="NIKON CORPORATION"/>
          <property name="Exif/Model" value="NIKON D5100"/>
          <property name="Exif/Orientation" value="1"/>
          <property name="Exif/Software" value="Ver.1.01 "/>
          <property name="File/ImageHeight" value="3264"/>
          <property name="File/ImageWidth" value="4928"/>
          <property name="System/FileModifyDate" value="2016:11:02 17:10:50"/>
          <property name="System/FileSize" value="7254233"/>
        </meta>
      </photo>
    </camera>
  </cameras>
  <markers>
    <marker marker_id="2">
      <location camera_id="41" pinned="true" x="1660.3002" y="2189.1833"/>
      <location camera_id="42" pinned="true" x="1655.749" y="1850.1307"/>
      <location camera_id="43" pinned="true" x="1275.7368" y="1695.3953"/>
      <location camera_id="44" pinned="true" x="1148.3076" y="1369.9956"/>
    </marker>
    <marker marker_id="3">
      <location camera_id="41" pinned="true" x="2920.939" y="2170.979"/>
      <location camera_id="42" pinned="true" x="2697.9382" y="2180.0811"/>
      <location camera_id="43" pinned="true" x="2113.1289" y="2373.5007"/>
      <location camera_id="44" pinned="true" x="1623.8916" y="2225.5918"/>
    </marker>
    <marker marker_id="4">
      <location camera_id="41" pinned="true" x="2968.7253" y="1936.6003"/>
      <location camera_id="42" pinned="true" x="2816.2654" y="1984.3862"/>
      <location camera_id="43" pinned="true" x="2329.3032" y="2227.8672"/>
      <location camera_id="44" pinned="true" x="1885.5767" y="2152.7751"/>
    </marker>
    <marker marker_id="5">
      <location camera_id="38" pinned="true" x="1895.6865" y="1407.7755"/>
      <location camera_id="39" pinned="true" x="2117.5227" y="1703.5568"/>
      <location camera_id="40" pinned="true" x="1816.8118" y="1363.4083"/>
    </marker>
    <marker marker_id="6">
      <location camera_id="38" pinned="true" x="3295.718" y="1612.3575"/>
      <location camera_id="39" pinned="true" x="3460.8625" y="1494.045"/>
      <location camera_id="40" pinned="true" x="3105.925" y="1368.338"/>
    </marker>
    <marker marker_id="7">
      <location camera_id="38" pinned="true" x="3334.1199" y="2255.6714"/>
      <location camera_id="39" pinned="true" x="3774.7856" y="2055.9304"/>
    </marker>
    <marker marker_id="8">
      <location camera_id="38" pinned="true" x="1878.2761" y="2226.8428"/>
      <location camera_id="39" pinned="true" x="2510.4458" y="2546.0166"/>
    </marker>
    <marker marker_id="9"/>
    <marker marker_id="10">
      <location camera_id="46" pinned="true" x="2859.8167" y="1801.569"/>
      <location camera_id="47" pinned="true" x="2888.5913" y="1609.6886"/>
    </marker>
  </markers>
  <masks path="masks/masks.zip"/>
  <thumbnails path="thumbnails/thumbnails.zip"/>
  <point_cloud path="point_cloud/point_cloud.zip"/>
  <depth_maps path="depth_maps/depth_maps.zip"/>
  <dense_cloud path="dense_cloud/dense_cloud.zip"/>
</frame>
