<?xml version="1.0" encoding="UTF-8"?>
<point_cloud version="1.2.0">
  <tracks path="tracks.ply" count="38897"/>
  <points path="points.ply" count="29882"/>
  <projections camera_id="0" path="p0.ply" count="563"/>
  <projections camera_id="1" path="p1.ply" count="609"/>
  <projections camera_id="2" path="p2.ply" count="656"/>
  <projections camera_id="3" path="p3.ply" count="645"/>
  <projections camera_id="4" path="p4.ply" count="1117"/>
  <projections camera_id="5" path="p5.ply" count="750"/>
  <projections camera_id="6" path="p6.ply" count="2780"/>
  <projections camera_id="7" path="p7.ply" count="3433"/>
  <projections camera_id="8" path="p8.ply" count="3187"/>
  <projections camera_id="9" path="p9.ply" count="3220"/>
  <projections camera_id="10" path="p10.ply" count="2537"/>
  <projections camera_id="11" path="p11.ply" count="648"/>
  <projections camera_id="12" path="p12.ply" count="564"/>
  <projections camera_id="13" path="p13.ply" count="671"/>
  <projections camera_id="14" path="p14.ply" count="505"/>
  <projections camera_id="15" path="p15.ply" count="513"/>
  <projections camera_id="16" path="p16.ply" count="607"/>
  <projections camera_id="17" path="p17.ply" count="457"/>
  <projections camera_id="18" path="p18.ply" count="3616"/>
  <projections camera_id="19" path="p19.ply" count="3861"/>
  <projections camera_id="20" path="p20.ply" count="2653"/>
  <projections camera_id="21" path="p21.ply" count="2412"/>
  <projections camera_id="22" path="p22.ply" count="3855"/>
  <projections camera_id="23" path="p23.ply" count="3706"/>
  <projections camera_id="24" path="p24.ply" count="3746"/>
  <projections camera_id="25" path="p25.ply" count="3929"/>
  <projections camera_id="26" path="p26.ply" count="3042"/>
  <projections camera_id="27" path="p27.ply" count="1393"/>
  <projections camera_id="28" path="p28.ply" count="1811"/>
  <projections camera_id="29" path="p29.ply" count="1425"/>
  <projections camera_id="30" path="p30.ply" count="1907"/>
  <projections camera_id="31" path="p31.ply" count="1588"/>
  <projections camera_id="32" path="p32.ply" count="2597"/>
  <projections camera_id="33" path="p33.ply" count="1419"/>
  <projections camera_id="34" path="p34.ply" count="211"/>
  <projections camera_id="35" path="p35.ply" count="1631"/>
  <projections camera_id="36" path="p36.ply" count="3749"/>
  <projections camera_id="37" path="p37.ply" count="3694"/>
  <projections camera_id="38" path="p38.ply" count="3713"/>
  <projections camera_id="39" path="p39.ply" count="2891"/>
  <projections camera_id="40" path="p40.ply" count="1157"/>
  <projections camera_id="41" path="p41.ply" count="703"/>
  <projections camera_id="42" path="p42.ply" count="914"/>
  <projections camera_id="43" path="p43.ply" count="890"/>
  <projections camera_id="44" path="p44.ply" count="737"/>
  <projections camera_id="45" path="p45.ply" count="915"/>
  <projections camera_id="46" path="p46.ply" count="947"/>
  <projections camera_id="47" path="p47.ply" count="1974"/>
  <projections camera_id="48" path="p48.ply" count="2218"/>
  <projections camera_id="49" path="p49.ply" count="2147"/>
  <projections camera_id="50" path="p50.ply" count="1382"/>
  <projections camera_id="51" path="p51.ply" count="2691"/>
  <projections camera_id="52" path="p52.ply" count="2938"/>
  <projections camera_id="53" path="p53.ply" count="2670"/>
  <projections camera_id="54" path="p54.ply" count="3409"/>
  <projections camera_id="55" path="p55.ply" count="1856"/>
  <projections camera_id="56" path="p56.ply" count="2044"/>
  <projections camera_id="57" path="p57.ply" count="2170"/>
  <projections camera_id="58" path="p58.ply" count="2485"/>
  <projections camera_id="59" path="p59.ply" count="823"/>
  <projections camera_id="60" path="p60.ply" count="1588"/>
  <projections camera_id="61" path="p61.ply" count="1681"/>
  <projections camera_id="62" path="p62.ply" count="1874"/>
  <projections camera_id="63" path="p63.ply" count="1763"/>
  <projections camera_id="64" path="p64.ply" count="1398"/>
  <projections camera_id="65" path="p65.ply" count="1016"/>
  <projections camera_id="66" path="p66.ply" count="929"/>
  <projections camera_id="67" path="p67.ply" count="1953"/>
  <projections camera_id="68" path="p68.ply" count="1613"/>
  <projections camera_id="69" path="p69.ply" count="424"/>
</point_cloud>
