<?xml version="1.0" encoding="UTF-8"?>
<dense_cloud version="1.2.0">
  <tiles>
    <tile path="dense_cloud.oc3">
      <totalCount>223993</totalCount>
      <validCount>223993</validCount>
      <pointCount class="0">223993</pointCount>
    </tile>
  </tiles>
  <transform>1.0000000000000000e+00 0.0000000000000000e+00 0.0000000000000000e+00 0.0000000000000000e+00 0.0000000000000000e+00 1.0000000000000000e+00 0.0000000000000000e+00 0.0000000000000000e+00 0.0000000000000000e+00 0.0000000000000000e+00 1.0000000000000000e+00 0.0000000000000000e+00 0.0000000000000000e+00 0.0000000000000000e+00 0.0000000000000000e+00 1.0000000000000000e+00</transform>
  <meta>
    <property name="dense_cloud/density" value="100"/>
    <property name="dense_cloud/depth_downscale" value="4"/>
    <property name="dense_cloud/depth_filter_mode" value="0"/>
    <property name="dense_cloud/duration" value="57.574235"/>
    <property name="dense_cloud/resolution" value="0.00988534249940451"/>
    <property name="depth/duration" value="104.986492"/>
  </meta>
</dense_cloud>
