<?xml version="1.0" encoding="UTF-8"?>
<point_cloud version="1.2.0">
  <tracks path="tracks.ply" count="22182"/>
  <points path="points.ply" count="16743"/>
  <projections camera_id="34" path="p34.ply" count="563"/>
  <projections camera_id="35" path="p35.ply" count="609"/>
  <projections camera_id="36" path="p36.ply" count="656"/>
  <projections camera_id="37" path="p37.ply" count="645"/>
  <projections camera_id="38" path="p38.ply" count="1117"/>
  <projections camera_id="39" path="p39.ply" count="750"/>
  <projections camera_id="40" path="p40.ply" count="2780"/>
  <projections camera_id="41" path="p41.ply" count="3433"/>
  <projections camera_id="42" path="p42.ply" count="3187"/>
  <projections camera_id="43" path="p43.ply" count="3220"/>
  <projections camera_id="44" path="p44.ply" count="2537"/>
  <projections camera_id="45" path="p45.ply" count="648"/>
  <projections camera_id="46" path="p46.ply" count="564"/>
  <projections camera_id="47" path="p47.ply" count="671"/>
  <projections camera_id="48" path="p48.ply" count="505"/>
  <projections camera_id="49" path="p49.ply" count="513"/>
  <projections camera_id="50" path="p50.ply" count="607"/>
  <projections camera_id="51" path="p51.ply" count="457"/>
  <projections camera_id="52" path="p52.ply" count="3616"/>
  <projections camera_id="53" path="p53.ply" count="3861"/>
  <projections camera_id="54" path="p54.ply" count="2653"/>
  <projections camera_id="58" path="p58.ply" count="2412"/>
  <projections camera_id="59" path="p59.ply" count="3855"/>
  <projections camera_id="60" path="p60.ply" count="3706"/>
  <projections camera_id="61" path="p61.ply" count="3746"/>
  <projections camera_id="62" path="p62.ply" count="3929"/>
  <projections camera_id="63" path="p63.ply" count="3042"/>
  <projections camera_id="64" path="p64.ply" count="1393"/>
  <projections camera_id="65" path="p65.ply" count="1811"/>
  <projections camera_id="66" path="p66.ply" count="1425"/>
  <projections camera_id="67" path="p67.ply" count="1907"/>
  <projections camera_id="68" path="p68.ply" count="1588"/>
  <projections camera_id="69" path="p69.ply" count="2597"/>
  <projections camera_id="70" path="p70.ply" count="1419"/>
  <projections camera_id="71" path="p71.ply" count="211"/>
  <projections camera_id="72" path="p72.ply" count="1631"/>
  <meta>
    <property name="match/duration" value="158.630568"/>
    <property name="match/match_downscale" value="1"/>
    <property name="match/match_filter_mask" value="true"/>
    <property name="match/match_point_limit" value="40000"/>
    <property name="match/match_select_pairs" value="0"/>
    <property name="match/match_tiepoint_limit" value="4000"/>
  </meta>
</point_cloud>
